,Collect_DateTime,No,Code,Name,Rem,Last,Done,LACP,Chg,%,Chg,Vol,('00),Buy,Vol,('00)
0,2019-10-15_15-10-23,1,0012,3A[S],s,0.795,0.790,0.005,+0.63,200,80,0.795,0.800,274,0.795,0.795
1,2019-10-15_15-10-23,2,7054,AASIA[S],s,0.110,0.110,-,-,330,520,0.110,0.120,1799,0.110,0.110
2,2019-10-15_15-10-23,3,5238,AAX[S],s,0.160,0.160,-,-,44605,19409,0.160,0.165,30103,0.165,0.155
3,2019-10-15_15-10-23,4,5238WA,AAX-WA[S],s,0.010,0.010,-,-,4100,5140,0.010,0.015,108164,0.010,0.010
4,2019-10-15_15-10-23,5,7086,ABLEGRP[S],s,-,0.065,-,-,-,3754,0.060,0.070,1514,-,-
5,2019-10-15_15-10-23,6,2488,ABMB,s,2.830,2.820,0.010,+0.35,21137,1019,2.820,2.830,2269,2.840,2.780
6,2019-10-15_15-10-23,7,7131,ACME[S],s,-,0.240,-,-,-,201,0.210,0.280,70,-,-
7,2019-10-15_15-10-23,8,7120,ACOSTEC[S],s,0.405,0.405,-,-,4324,126,0.400,0.405,544,0.405,0.400
8,2019-10-15_15-10-23,9,5281,ADVCON[S],s,0.445,0.445,-,-,39209,3616,0.440,0.445,109,0.450,0.435
9,2019-10-15_15-10-23,10,7191,ADVENTA[S],s,-,0.525,-,-,-,20,0.525,0.580,30,-,-
10,2019-10-15_15-10-23,11,9148,ADVPKG[S],s,2.090,2.130,-0.040,-1.88,543,100,2.080,2.100,100,2.090,2.070
11,2019-10-15_15-10-23,12,7146,AEM,s,-,0.100,-,-,-,113,0.100,0.110,900,-,-
12,2019-10-15_15-10-23,13,7146WA,AEM-WA,s,-,0.005,-,-,-,-,-,0.005,10341,-,-
13,2019-10-15_15-10-23,14,6599,AEON[S],s,1.530,1.530,-,-,1405,103,1.520,1.530,73,1.540,1.520
14,2019-10-15_15-10-23,15,5139,AEONCR,s,15.560,15.400,0.160,+1.04,1054,93,15.520,15.560,55,15.580,15.400
15,2019-10-15_15-10-23,16,5185,AFFIN,s,1.950,1.950,-,-,228,306,1.940,1.950,291,1.950,1.940
16,2019-10-15_15-10-23,17,5198,AFUJIYA[S],s,-,0.550,-,-,-,50,0.500,0.530,50,-,-
17,2019-10-15_15-10-23,18,7315,AHB[S],s,-,0.120,-,-,-,3263,0.120,0.125,1710,-,-
18,2019-10-15_15-10-23,19,7090,AHEALTH[S],s,2.230,2.250,-0.020,-0.89,70,124,2.210,2.240,9,2.230,2.210
19,2019-10-15_15-10-23,20,4952,AHP,s,-,0.795,-,-,-,50,0.775,0.800,499,-,-
20,2019-10-15_15-10-23,21,5099,AIRASIA,s,1.810,1.750,0.060,+3.43,66667,2789,1.810,1.820,6412,1.820,1.750
21,2019-10-15_15-10-23,22,5014,AIRPORT,s,8.790,8.740,0.050,+0.57,4665,120,8.790,8.800,1254,8.840,8.740
22,2019-10-15_15-10-23,23,2682,AISB[S],s,-,0.220,-,-,-,250,0.210,0.245,224,-,-
23,2019-10-15_15-10-23,24,2658,AJI[S],s,15.800,15.920,-0.120,-0.75,325,26,15.800,15.840,16,16.000,15.800
24,2019-10-15_15-10-23,25,7609,AJIYA[S],s,0.410,0.410,-,-,800,17,0.410,0.415,600,0.410,0.410
25,2019-10-15_15-10-23,26,7609WA,AJIYA-WA[S],s,0.055,0.060,-0.005,-8.33,365,635,0.055,0.070,440,0.055,0.055
26,2019-10-15_15-10-23,27,5115,ALAM[S],s,0.095,0.090,0.005,+5.56,71788,104877,0.090,0.095,51710,0.100,0.090
27,2019-10-15_15-10-23,28,5115WA,ALAM-WA[S],s,0.045,0.050,-0.005,-10.00,88215,23795,0.045,0.050,63804,0.045,0.040
28,2019-10-15_15-10-23,29,5116,ALAQAR[S],s,1.480,1.480,-,-,40,9,1.480,1.490,171,1.480,1.480
29,2019-10-15_15-10-23,30,2674,ALCOM[S],s,0.445,0.445,-,-,322,47,0.445,0.450,38,0.450,0.440
30,2019-10-15_15-10-23,31,1163,ALLIANZ,s,13.980,13.800,0.180,+1.30,1,2,13.820,13.880,20,13.980,13.980
31,2019-10-15_15-10-23,32,1163PA,ALLIANZ-PA,s,-,14.000,-,-,-,5,13.600,-,-,-,-
32,2019-10-15_15-10-23,33,5269,ALSREIT[S],s,0.860,0.870,-0.010,-1.15,41,31,0.860,0.885,55,0.880,0.850
33,2019-10-15_15-10-23,34,1015,AMBANK,s,3.850,3.840,0.010,+0.26,5146,764,3.850,3.860,958,3.880,3.830
34,2019-10-15_15-10-23,35,5293,AME[S],s,1.670,1.550,0.120,+7.74,147863,734,1.670,1.680,1632,1.710,1.550
35,2019-10-15_15-10-23,36,0159,AMEDIA[S],Ss,-,0.135,-,-,-,-,-,-,-,-,-
36,2019-10-15_15-10-23,37,5120,AMFIRST,s,0.485,0.490,-0.005,-1.02,2210,3389,0.480,0.485,855,0.490,0.480
37,2019-10-15_15-10-23,38,1007,AMPROP[S],s,-,0.475,-,-,-,474,0.475,0.490,247,-,-
38,2019-10-15_15-10-23,39,1007PB,AMPROP-PB[S],s,-,0.435,-,-,-,300,0.430,0.540,240,-,-
39,2019-10-15_15-10-23,40,7031,AMTEL,s,0.620,0.615,0.005,+0.81,140,190,0.615,0.620,9,0.620,0.620
40,2019-10-15_15-10-23,41,5959,AMVERTON[S],s,-,1.120,-,-,-,200,1.040,1.130,290,-,-
41,2019-10-15_15-10-23,42,6351,AMWAY[S],s,5.630,5.650,-0.020,-0.35,185,111,5.620,5.630,50,5.630,5.620
42,2019-10-15_15-10-23,43,7083,ANALABS[S],s,1.100,1.100,-,-,40,140,1.100,1.120,20,1.100,1.100
43,2019-10-15_15-10-23,44,4758,ANCOM[S],s,0.485,0.485,-,-,1622,728,0.485,0.490,710,0.495,0.485
44,2019-10-15_15-10-23,45,6556,ANNJOO[S],s,1.130,1.140,-0.010,-0.88,3136,1540,1.130,1.140,352,1.160,1.130
45,2019-10-15_15-10-23,46,6556PA,ANNJOO-PA,s,0.380,0.460,-0.080,-17.39,143,157,0.380,0.480,455,0.380,0.380
46,2019-10-15_15-10-23,47,9342,ANZO[S],s,0.025,0.025,-,-,31317,25788,0.025,0.030,134705,0.030,0.025
47,2019-10-15_15-10-23,48,9342WA,ANZO-WA[S],s,-,0.005,-,-,-,-,-,0.005,52796,-,-
48,2019-10-15_15-10-23,49,9342WB,ANZO-WB[S],s,-,0.020,-,-,-,28627,0.015,0.020,2995,-,-
49,2019-10-15_15-10-23,50,9342WC,ANZO-WC[S],s,-,0.005,-,-,-,-,-,0.005,201465,-,-
50,2019-10-15_15-10-23,51,5568,APB[S],s,-,0.465,-,-,-,112,0.465,0.500,131,-,-
51,2019-10-15_15-10-23,52,5088,APEX,s,-,0.800,-,-,-,1,0.805,0.850,50,-,-
52,2019-10-15_15-10-23,53,5194,APFT[S],s,0.010,0.010,-,-,1180,491369,0.005,0.010,35475,0.010,0.010
53,2019-10-15_15-10-23,54,5015,APM[S],s,2.260,2.270,-0.010,-0.44,212,4,2.250,2.260,199,2.270,2.250
54,2019-10-15_15-10-23,55,6432,APOLLO[S],s,3.870,3.850,0.020,+0.52,40,9,3.870,3.940,23,3.870,3.860
55,2019-10-15_15-10-23,56,7214,ARANK[S],s,0.500,0.490,0.010,+2.04,448,50,0.495,0.505,380,0.500,0.500
56,2019-10-15_15-10-23,57,7181,ARBB[S],s,0.325,0.315,0.010,+3.17,36099,7845,0.320,0.325,3076,0.330,0.315
57,2019-10-15_15-10-23,58,7181PA,ARBB-PA,s,0.120,0.120,-,-,10020,16650,0.115,0.120,1673,0.120,0.120
58,2019-10-15_15-10-23,59,7007,ARK[S],s,-,0.270,-,-,-,3,0.255,0.500,161,-,-
59,2019-10-15_15-10-23,60,7007WB,ARK-WB[S],s,-,0.090,-,-,-,1500,0.015,0.080,10,-,-
60,2019-10-15_15-10-23,61,5210,ARMADA,s,0.420,0.415,0.005,+1.20,619516,113801,0.415,0.420,45357,0.425,0.405
61,2019-10-15_15-10-23,62,5127,ARREIT,s,0.765,0.780,-0.015,-1.92,946,20,0.765,0.770,264,0.770,0.765
62,2019-10-15_15-10-23,63,1481,ASB[S],s,0.130,0.130,-,-,3220,608,0.130,0.135,23336,0.130,0.130
63,2019-10-15_15-10-23,64,7722,ASIABRN[S],s,-,0.500,-,-,-,20,0.480,0.520,100,-,-
64,2019-10-15_15-10-23,65,7129,ASIAFLE[S],s,-,2.350,-,-,-,190,2.330,2.360,10,-,-
65,2019-10-15_15-10-23,66,4057,ASIAPAC[S],s,0.115,0.120,-0.005,-4.17,750,7396,0.115,0.120,10252,0.115,0.115
66,2019-10-15_15-10-23,67,4057WB,ASIAPAC-WB[S],s,-,0.045,-,-,-,1340,0.035,0.045,879,-,-
67,2019-10-15_15-10-23,68,7162,ASTINO[S],s,0.665,0.690,-0.025,-3.62,184,211,0.660,0.665,6,0.665,0.660
68,2019-10-15_15-10-23,69,6399,ASTRO,s,1.390,1.370,0.020,+1.46,12751,4872,1.380,1.400,3656,1.400,1.380
69,2019-10-15_15-10-23,70,8176,ATAIMS[S],s,1.480,1.440,0.040,+2.78,15,115,1.440,1.460,180,1.480,1.480
70,2019-10-15_15-10-23,71,7048,ATLAN,s,4.180,4.100,0.080,+1.95,2022,10,4.100,4.180,93,4.180,4.100
71,2019-10-15_15-10-23,72,5130,ATRIUM,s,1.040,1.040,-,-,222,960,1.030,1.040,540,1.040,1.040
72,2019-10-15_15-10-23,73,7099,ATTA[S],s,-,0.415,-,-,-,70,0.405,0.425,19,-,-
73,2019-10-15_15-10-23,74,7099PA,ATTA-PA,s,-,0.075,-,-,-,480,0.075,0.085,2300,-,-
74,2019-10-15_15-10-23,75,7099WB,ATTA-WB[S],s,0.050,0.065,-0.015,-23.08,52,1348,0.050,0.075,1000,0.050,0.050
75,2019-10-15_15-10-23,76,7099WC,ATTA-WC[S],s,-,0.085,-,-,-,244,0.075,0.200,71,-,-
76,2019-10-15_15-10-23,77,8885,AVI[S],s,-,0.125,-,-,-,2104,0.120,0.125,2226,-,-
77,2019-10-15_15-10-23,78,7579,AWC[S],s,0.585,0.580,0.005,+0.86,5394,40,0.585,0.590,1239,0.585,0.580
78,2019-10-15_15-10-23,79,7579WA,AWC-WA[S],s,0.150,0.145,0.005,+3.45,368,132,0.150,0.155,800,0.150,0.150
79,2019-10-15_15-10-23,80,6888,AXIATA[S],s,4.230,4.250,-0.020,-0.47,9936,1083,4.220,4.230,1326,4.300,4.200
80,2019-10-15_15-10-23,81,5106,AXREIT[S],s,1.800,1.790,0.010,+0.56,25685,18298,1.790,1.800,2854,1.800,1.790
81,2019-10-15_15-10-23,82,2305,AYER[S],s,-,4.000,-,-,-,10,3.720,4.100,5,-,-
82,2019-10-15_15-10-23,83,5021,AYS[S],s,-,0.300,-,-,-,400,0.290,0.295,236,-,-
83,2019-10-15_15-10-23,84,7078,AZRB[S],s,0.375,0.380,-0.005,-1.32,768,237,0.370,0.375,165,0.375,0.370
84,2019-10-15_15-10-23,85,7078WA,AZRB-WA[S],s,-,0.175,-,-,-,400,0.155,0.180,50,-,-
85,2019-10-15_15-10-23,86,7251,BARAKAH[S],s,0.030,0.035,-0.005,-14.29,8459,66343,0.030,0.035,197620,0.030,0.030
86,2019-10-15_15-10-23,87,4162,BAT,s,18.880,17.600,1.280,+7.27,9247,7,18.840,18.900,64,19.260,17.800
87,2019-10-15_15-10-23,88,5248,BAUTO[S],s,2.180,2.200,-0.020,-0.91,18867,3527,2.180,2.190,2844,2.210,2.180
88,2019-10-15_15-10-23,89,6602,BCB,s,-,0.260,-,-,-,300,0.245,0.260,300,-,-
89,2019-10-15_15-10-23,90,6173,BDB[S],s,0.340,0.340,-,-,80,60,0.340,0.350,330,0.340,0.340
90,2019-10-15_15-10-23,91,5190,BENALEC,s,-,0.145,-,-,-,7357,0.140,0.145,752,-,-
91,2019-10-15_15-10-23,92,9814,BERTAM[S],s,-,0.185,-,-,-,2000,0.150,0.230,100,-,-
92,2019-10-15_15-10-23,93,8133,BHIC[S],s,-,1.280,-,-,-,20,1.250,1.300,30,-,-
93,2019-10-15_15-10-23,94,7005,BIG[S],s,-,0.300,-,-,-,200,0.290,0.305,133,-,-
94,2019-10-15_15-10-23,95,5258,BIMB[S],s,4.160,4.120,0.040,+0.97,888,341,4.150,4.160,4,4.180,4.100
95,2019-10-15_15-10-23,96,5258WA,BIMB-WA[S],s,0.275,0.265,0.010,+3.77,4901,2723,0.270,0.280,2200,0.275,0.265
96,2019-10-15_15-10-23,97,6998,BINTAI[S],s,-,0.120,-,-,-,9656,0.115,0.120,493,-,-
97,2019-10-15_15-10-23,98,6998WA,BINTAI-WA[S],s,0.015,0.015,-,-,2643,646,0.015,0.020,5650,0.015,0.015
98,2019-10-15_15-10-23,99,5032,BIPORT[S],s,-,3.950,-,-,-,30,3.950,4.000,5,-,-
99,2019-10-15_15-10-23,100,3239,BJASSET,s,0.300,0.300,-,-,330,790,0.295,0.300,770,0.300,0.295
100,2019-10-15_15-10-23,101,3239WB,BJASSET-WB,s,0.045,0.045,-,-,500,60,0.045,0.050,609,0.045,0.045
101,2019-10-15_15-10-23,102,3395,BJCORP,s,0.235,0.235,-,-,9984,81778,0.235,0.240,65442,0.235,0.235
102,2019-10-15_15-10-23,103,3395WB,BJCORP-WB,s,-,0.030,-,-,-,380,0.030,0.035,2359,-,-
103,2019-10-15_15-10-23,104,3395WC,BJCORP-WC,s,-,0.055,-,-,-,9000,0.045,0.055,6829,-,-
104,2019-10-15_15-10-23,105,5196,BJFOOD,s,1.400,1.430,-0.030,-2.10,40,115,1.400,1.430,52,1.400,1.400
105,2019-10-15_15-10-23,106,4219,BJLAND,s,0.195,0.195,-,-,8422,7272,0.195,0.200,29705,0.200,0.195
106,2019-10-15_15-10-23,107,6025,BJMEDIA,s,0.220,0.185,0.035,+18.92,65,3,0.220,0.230,10,0.220,0.185
107,2019-10-15_15-10-23,108,1562,BJTOTO,s,2.530,2.560,-0.030,-1.17,2988,754,2.530,2.540,905,2.580,2.530
108,2019-10-15_15-10-23,109,1899,BKAWAN[S],s,15.740,15.700,0.040,+0.25,49,10,15.720,15.760,1,15.740,15.700
109,2019-10-15_15-10-23,110,5069,BLDPLNT[S],s,-,5.720,-,-,-,10,5.250,5.750,50,-,-
110,2019-10-15_15-10-23,111,0168,BOILERM[S],s,0.620,0.620,-,-,1650,100,0.605,0.620,630,0.620,0.590
111,2019-10-15_15-10-23,112,9288,BONIA[S],s,0.250,0.250,-,-,50,260,0.245,0.250,310,0.250,0.250
112,2019-10-15_15-10-23,113,7036,BORNOIL[S],s,0.045,0.045,-,-,2746,1167404,0.040,0.045,130478,0.045,0.040
113,2019-10-15_15-10-23,114,7036WC,BORNOIL-WC[S],s,0.015,0.020,-0.005,-25.00,2200,137751,0.010,0.015,1400,0.015,0.015
114,2019-10-15_15-10-23,115,7036WD,BORNOIL-WD[S],s,0.015,0.020,-0.005,-25.00,37,21929,0.015,0.020,52080,0.015,0.015
115,2019-10-15_15-10-23,116,6297,BOXPAK,s,-,1.110,-,-,-,50,1.110,1.180,50,-,-
116,2019-10-15_15-10-23,117,6297WA,BOXPAK-WA,s,-,0.065,-,-,-,500,0.060,0.080,200,-,-
117,2019-10-15_15-10-23,118,5254,BPLANT[S],s,0.625,0.625,-,-,524,161,0.620,0.625,363,0.625,0.625
118,2019-10-15_15-10-23,119,5100,BPPLAS[S],s,1.000,1.000,-,-,50,280,1.000,1.010,20,1.000,1.000
119,2019-10-15_15-10-23,120,5932,BPURI[S],s,0.120,0.125,-0.005,-4.00,8033,158,0.120,0.125,10650,0.120,0.115
120,2019-10-15_15-10-23,121,9474,BRAHIMS[S],s,0.180,0.175,0.005,+2.86,6889,3246,0.175,0.180,2218,0.180,0.175
121,2019-10-15_15-10-23,122,8761,BREM[S],s,0.790,0.790,-,-,500,3200,0.785,0.795,1002,0.790,0.790
122,2019-10-15_15-10-23,123,9938,BRIGHT,s,0.170,0.180,-0.010,-5.56,321,80,0.165,0.170,154,0.175,0.170
123,2019-10-15_15-10-23,124,7221,BSLCORP[S],s,0.325,0.320,0.005,+1.56,105,1,0.320,0.325,247,0.325,0.315
124,2019-10-15_15-10-23,125,2771,BSTEAD[S],s,0.980,0.970,0.010,+1.03,2359,626,0.970,0.975,317,0.985,0.965
125,2019-10-15_15-10-23,126,7188,BTM[S],s,-,0.095,-,-,-,28,0.095,0.105,552,-,-
126,2019-10-15_15-10-23,127,7188WA,BTM-WA[S],s,-,0.005,-,-,-,-,-,0.005,2940,-,-
127,2019-10-15_15-10-23,128,7188WB,BTM-WB[S],s,-,0.035,-,-,-,499,0.035,0.055,300,-,-
128,2019-10-15_15-10-23,129,1818,BURSA[S],s,6.110,6.150,-0.040,-0.65,1837,485,6.110,6.120,661,6.150,6.100
129,2019-10-15_15-10-23,130,7174,CAB[S],s,0.455,0.450,0.005,+1.11,1006,320,0.450,0.455,353,0.455,0.445
130,2019-10-15_15-10-23,131,7174WA,CAB-WA[S],s,-,0.260,-,-,-,100,0.265,0.275,20,-,-
131,2019-10-15_15-10-23,132,7154,CAELY[S],s,0.450,0.455,-0.005,-1.10,4697,700,0.445,0.450,195,0.465,0.450
132,2019-10-15_15-10-23,133,7154WA,CAELY-WA[S],s,0.260,0.265,-0.005,-1.89,1960,600,0.255,0.260,162,0.270,0.260
133,2019-10-15_15-10-23,134,7128,CAMRES[S],s,-,0.235,-,-,-,300,0.225,0.250,482,-,-
134,2019-10-15_15-10-23,135,5105,CANONE[S],s,3.200,3.200,-,-,50,50,3.180,3.200,12,3.240,3.200
135,2019-10-15_15-10-23,136,5229,CAP,Ss,-,0.010,-,-,-,-,-,-,-,-,-
136,2019-10-15_15-10-23,137,5257,CARIMIN[S],s,1.320,1.320,-,-,35664,252,1.320,1.330,280,1.370,1.310
137,2019-10-15_15-10-23,138,5245,CARING,s,2.200,2.200,-,-,201,21,2.190,2.200,1,2.230,2.200
138,2019-10-15_15-10-23,139,2836,CARLSBG,s,27.460,27.320,0.140,+0.51,499,31,27.460,27.480,20,27.600,27.380
139,2019-10-15_15-10-23,140,7076,CBIP[S],s,0.810,0.805,0.005,+0.62,131,13,0.810,0.815,66,0.810,0.805
140,2019-10-15_15-10-23,141,7076WA,CBIP-WA[S],s,-,0.005,-,-,-,-,-,0.005,32502,-,-
141,2019-10-15_15-10-23,142,2925,CCB,s,1.280,1.350,-0.070,-5.19,92,80,1.280,1.320,32,1.300,1.280
142,2019-10-15_15-10-23,143,7035,CCK[S],s,0.495,0.500,-0.005,-1.00,9803,56,0.495,0.500,1326,0.505,0.495
143,2019-10-15_15-10-23,144,7035WA,CCK-WA[S],s,0.090,0.090,-,-,4718,11411,0.090,0.095,5462,0.090,0.090
144,2019-10-15_15-10-23,145,2879,CCM[S],s,1.600,1.600,-,-,56,148,1.600,1.640,21,1.650,1.600
145,2019-10-15_15-10-23,146,5195,CENSOF[S],s,0.125,0.125,-,-,2900,3132,0.120,0.125,800,0.130,0.125
146,2019-10-15_15-10-23,147,8982,CEPAT[S],s,0.520,0.505,0.015,+2.97,40,200,0.500,0.520,262,0.520,0.520
147,2019-10-15_15-10-23,148,8435,CEPCO[S],s,-,0.530,-,-,-,50,0.485,0.530,119,-,-
148,2019-10-15_15-10-23,149,8044,CFM[S],s,-,1.110,-,-,-,35,1.110,1.300,150,-,-
149,2019-10-15_15-10-23,150,8052,CGB[S],s,-,0.525,-,-,-,100,0.450,-,-,-,-
150,2019-10-15_15-10-23,151,7209,CHEETAH[S],s,-,0.305,-,-,-,8,0.280,0.315,62,-,-
151,2019-10-15_15-10-23,152,7187,CHGP[S],s,0.280,0.275,0.005,+1.82,100,500,0.275,0.290,140,0.280,0.280
152,2019-10-15_15-10-23,153,7187WA,CHGP-WA[S],s,-,0.130,-,-,-,200,0.105,0.130,117,-,-
153,2019-10-15_15-10-23,154,5738,CHHB,s,1.390,1.380,0.010,+0.72,150,70,1.300,1.390,40,1.390,1.360
154,2019-10-15_15-10-23,155,5738WB,CHHB-WB,s,0.230,0.240,-0.010,-4.17,100,250,0.230,0.240,10,0.230,0.230
155,2019-10-15_15-10-23,156,5273,CHINHIN[S],s,0.770,0.755,0.015,+1.99,4500,5,0.770,0.775,413,0.770,0.760
156,2019-10-15_15-10-23,157,1929,CHINTEK,s,-,6.300,-,-,-,10,6.300,6.440,10,-,-
157,2019-10-15_15-10-23,158,5007,CHINWEL[S],s,1.680,1.670,0.010,+0.60,5,90,1.680,1.730,150,1.680,1.680
158,2019-10-15_15-10-23,159,5797,CHOOBEE[S],s,-,1.380,-,-,-,20,1.330,1.440,45,-,-
159,2019-10-15_15-10-23,160,7016,CHUAN[S],s,-,0.375,-,-,-,600,0.355,0.380,1000,-,-
160,2019-10-15_15-10-23,161,2828,CIHLDG,s,1.530,1.530,-,-,200,32,1.530,1.580,72,1.550,1.530
161,2019-10-15_15-10-23,162,1023,CIMB,s,4.940,4.920,0.020,+0.41,30069,2842,4.940,4.950,2782,4.970,4.910
162,2019-10-15_15-10-23,163,7117,CJCEN[S],s,0.390,0.395,-0.005,-1.27,2191,204,0.390,0.395,1204,0.390,0.385
163,2019-10-15_15-10-23,164,7018,CME[S],s,0.035,0.035,-,-,3000,1809,0.035,0.040,9936,0.035,0.035
164,2019-10-15_15-10-23,165,7018WA,CME-WA[S],s,-,0.025,-,-,-,43700,0.025,0.030,9297,-,-
165,2019-10-15_15-10-23,166,5180,CMMT,s,1.070,1.080,-0.010,-0.93,2573,631,1.070,1.080,381,1.080,1.060
166,2019-10-15_15-10-23,167,2852,CMSB[S],s,2.420,2.430,-0.010,-0.41,1723,581,2.410,2.420,540,2.430,2.410
167,2019-10-15_15-10-23,168,7986,CNASIA[S],s,-,0.460,-,-,-,50,0.400,0.460,100,-,-
168,2019-10-15_15-10-23,169,5104,CNI[S],s,0.060,0.065,-0.005,-7.69,1737,63,0.060,0.065,15823,0.060,0.060
169,2019-10-15_15-10-23,170,5188,CNOUHUA,s,0.040,0.040,-,-,220,627,0.040,0.045,15932,0.045,0.040
170,2019-10-15_15-10-23,171,5071,COASTAL,s,0.965,0.965,-,-,201,244,0.955,0.970,642,0.970,0.960
171,2019-10-15_15-10-23,172,7205,COCOLND[S],s,1.940,2.030,-0.090,-4.43,380,50,1.930,1.950,45,1.990,1.940
172,2019-10-15_15-10-23,173,7195,COMCORP,s,0.065,0.070,-0.005,-7.14,150,1160,0.055,0.065,90,0.065,0.055
173,2019-10-15_15-10-23,174,2127,COMFORT[S],s,0.760,0.770,-0.010,-1.30,3090,150,0.760,0.765,291,0.770,0.760
174,2019-10-15_15-10-23,175,5136,COMPLET[S],s,0.690,0.700,-0.010,-1.43,101,257,0.690,0.750,150,0.750,0.690
175,2019-10-15_15-10-23,176,5037,COMPUGT[S],s,0.020,0.020,-,-,12799,415355,0.015,0.020,38648,0.020,0.020
176,2019-10-15_15-10-23,177,8591,CRESBLD[S],s,0.975,0.950,0.025,+2.63,4525,551,0.970,0.975,37,0.985,0.945
177,2019-10-15_15-10-23,178,6718,CRESNDO[S],s,-,1.200,-,-,-,100,1.200,1.220,70,-,-
178,2019-10-15_15-10-23,179,7202,CSCENIC[S],s,1.010,1.000,0.010,+1.00,720,222,1.000,1.010,385,1.010,1.010
179,2019-10-15_15-10-23,180,5094,CSCSTEL[S],s,0.995,0.995,-,-,200,350,0.995,1.000,207,1.000,0.995
180,2019-10-15_15-10-23,181,0051,CUSCAPI[S],s,0.165,0.175,-0.010,-5.71,20005,26776,0.165,0.170,7544,0.180,0.165
181,2019-10-15_15-10-23,182,5049,CVIEW[S],s,-,1.310,-,-,-,50,1.220,1.680,171,-,-
182,2019-10-15_15-10-23,183,9423,CWG[S],s,-,0.455,-,-,-,48,0.420,0.455,100,-,-
183,2019-10-15_15-10-23,184,7157,CYL[S],s,-,0.395,-,-,-,23,0.350,0.385,30,-,-
184,2019-10-15_15-10-23,185,5082,CYMAO[S],s,-,0.280,-,-,-,100,0.270,0.310,350,-,-
185,2019-10-15_15-10-23,186,5184,CYPARK[S],s,1.400,1.400,-,-,4181,1126,1.390,1.400,641,1.410,1.390
186,2019-10-15_15-10-23,187,7204,D&O[S],s,0.630,0.610,0.020,+3.28,98756,4284,0.625,0.630,1382,0.635,0.615
187,2019-10-15_15-10-23,188,8125,DAIBOCI[S],s,2.000,1.990,0.010,+0.50,49,32,2.000,2.050,270,2.050,2.000
188,2019-10-15_15-10-23,189,8125WB,DAIBOCI-WB[S],s,0.285,0.300,-0.015,-5.00,20,70,0.220,0.280,600,0.285,0.285
189,2019-10-15_15-10-23,190,5276,DANCO[S],s,0.525,0.500,0.025,+5.00,11360,1117,0.520,0.525,260,0.535,0.495
190,2019-10-15_15-10-23,191,5276WA,DANCO-WA[S],s,0.265,0.235,0.030,+12.77,7409,514,0.260,0.265,621,0.270,0.235
191,2019-10-15_15-10-23,192,8338,DATAPRP[S],s,0.165,0.170,-0.005,-2.94,1432,1818,0.165,0.170,3687,0.165,0.165
192,2019-10-15_15-10-23,193,0091,DAYA,s,0.005,0.010,-0.005,-50.00,6000,1219818,0.005,0.010,97121,0.010,0.005
193,2019-10-15_15-10-23,194,5141,DAYANG[S],s,2.140,2.130,0.010,+0.47,75158,2672,2.140,2.150,2037,2.200,2.110
194,2019-10-15_15-10-23,195,7179,DBE[S],s,0.025,0.030,-0.005,-16.67,800,612127,0.025,0.030,24845,0.030,0.025
195,2019-10-15_15-10-23,196,7179WB,DBE-WB[S],s,0.005,0.005,-,-,200,116814,0.005,0.010,249902,0.005,0.005
196,2019-10-15_15-10-23,197,3484,DBHD[S],s,0.410,0.415,-0.005,-1.20,300,500,0.405,0.415,300,0.410,0.410
197,2019-10-15_15-10-23,198,3484WA,DBHD-WA[S],s,-,0.065,-,-,-,2000,0.060,0.065,975,-,-
198,2019-10-15_15-10-23,199,7119,DEGEM[S],s,-,1.060,-,-,-,300,1.050,1.060,50,-,-
199,2019-10-15_15-10-23,200,5132,DELEUM[S],s,1.060,1.070,-0.010,-0.93,2486,330,1.050,1.060,38,1.070,1.050
200,2019-10-15_15-10-23,201,7212,DESTINI[S],s,0.200,0.200,-,-,12192,2132,0.200,0.205,12312,0.205,0.195
201,2019-10-15_15-10-23,202,7277,DIALOG[S],s,3.430,3.410,0.020,+0.59,31155,4992,3.430,3.440,682,3.450,3.400
202,2019-10-15_15-10-23,203,6947,DIGI[S],s,4.630,4.720,-0.090,-1.91,22405,964,4.620,4.630,1512,4.720,4.620
203,2019-10-15_15-10-23,204,0029,DIGISTA,s,-,0.045,-,-,-,12920,0.040,0.045,9808,-,-
204,2019-10-15_15-10-23,205,0029WB,DIGISTA-WB,s,0.020,0.015,0.005,+33.33,3500,38152,0.015,0.020,682,0.020,0.020
205,2019-10-15_15-10-23,206,7528,DKLS[S],s,-,1.700,-,-,-,89,1.610,1.750,15,-,-
206,2019-10-15_15-10-23,207,5908,DKSH[S],s,2.520,2.520,-,-,13,87,2.520,2.550,10,2.520,2.520
207,2019-10-15_15-10-23,208,3026,DLADY[S],s,58.600,57.780,0.820,+1.42,53,10,58.040,58.700,2,58.800,57.540
208,2019-10-15_15-10-23,209,4456,DNEX[S],s,0.285,0.275,0.010,+3.64,45919,25820,0.280,0.285,21235,0.285,0.275
209,2019-10-15_15-10-23,210,4456WD,DNEX-WD[S],s,0.065,0.065,-,-,6443,8942,0.065,0.070,57825,0.065,0.065
210,2019-10-15_15-10-23,211,7114,DNONCE,s,0.385,0.390,-0.005,-1.28,150,50,0.385,0.390,459,0.385,0.385
211,2019-10-15_15-10-23,212,7114WA,DNONCE-WA,s,-,0.145,-,-,-,370,0.135,0.145,70,-,-
212,2019-10-15_15-10-23,213,5835,DOLMITE,s,0.165,0.165,-,-,50,350,0.165,0.175,100,0.165,0.165
213,2019-10-15_15-10-23,214,5265,DOLPHIN[S],s,0.100,0.100,-,-,420,120,0.095,0.100,1980,0.100,0.095
214,2019-10-15_15-10-23,215,5265WA,DOLPHIN-WA[S],s,0.020,0.020,-,-,100,1500,0.015,0.020,1810,0.020,0.020
215,2019-10-15_15-10-23,216,7169,DOMINAN[S],s,-,1.280,-,-,-,23,1.250,1.280,199,-,-
216,2019-10-15_15-10-23,217,7169WA,DOMINAN-WA[S],s,-,0.045,-,-,-,600,0.025,0.050,2020,-,-
217,2019-10-15_15-10-23,218,7148,DPHARMA[S],s,1.380,1.370,0.010,+0.73,1335,382,1.370,1.380,399,1.380,1.370
218,2019-10-15_15-10-23,219,7198,DPS[S],s,0.055,0.055,-,-,1319,1934,0.055,0.060,7271,0.055,0.055
219,2019-10-15_15-10-23,220,7198WB,DPS-WB[S],s,-,0.025,-,-,-,21281,0.020,0.030,3450,-,-
220,2019-10-15_15-10-23,221,1619,DRBHCOM[S],s,2.400,2.400,-,-,17267,2384,2.390,2.400,159,2.420,2.380
221,2019-10-15_15-10-23,222,5216,DSONIC[S],s,0.945,0.945,-,-,67015,1444,0.940,0.945,63,0.960,0.935
222,2019-10-15_15-10-23,223,5216WA,DSONIC-WA[S],s,0.455,0.445,0.010,+2.25,36431,3274,0.450,0.455,1652,0.460,0.445
223,2019-10-15_15-10-23,224,7233,DUFU[S],s,3.170,3.030,0.140,+4.62,15132,104,3.160,3.180,709,3.180,3.050
224,2019-10-15_15-10-23,225,3948,DUTALND,s,-,0.420,-,-,-,159,0.410,0.420,1221,-,-
225,2019-10-15_15-10-23,226,7165,DWL[S],s,0.525,0.520,0.005,+0.96,2269,1070,0.520,0.525,118,0.525,0.520
226,2019-10-15_15-10-23,227,7165PA,DWL-PA[S],s,-,0.175,-,-,-,1410,0.175,0.190,100,-,-
227,2019-10-15_15-10-23,228,7165WA,DWL-WA[S],s,0.180,0.190,-0.010,-5.26,1022,448,0.180,0.185,783,0.185,0.175
228,2019-10-15_15-10-23,229,5178,DYNACIA,s,0.080,0.075,0.005,+6.67,13500,168475,0.075,0.080,8701,0.080,0.080
229,2019-10-15_15-10-23,230,5178PA,DYNACIA-PA,s,-,0.045,-,-,-,8390,0.045,0.050,890,-,-
230,2019-10-15_15-10-23,231,5178WA,DYNACIA-WA,s,-,0.035,-,-,-,18444,0.025,0.035,6569,-,-
231,2019-10-15_15-10-23,232,3417,E&O[S],s,0.670,0.670,-,-,1640,1595,0.665,0.670,1570,0.670,0.670
232,2019-10-15_15-10-23,233,2097,EASTLND[S],s,0.080,0.080,-,-,12,4079,0.080,0.090,899,0.080,0.080
233,2019-10-15_15-10-23,234,5259,EATECH[S],s,0.405,0.405,-,-,3242,1993,0.400,0.405,2122,0.410,0.405
234,2019-10-15_15-10-23,235,2143,ECM,s,0.240,0.250,-0.010,-4.00,13,877,0.240,0.275,2000,0.240,0.240
235,2019-10-15_15-10-23,236,3557,ECOFIRS[S],s,0.340,0.345,-0.005,-1.45,120,880,0.340,0.345,30,0.340,0.340
236,2019-10-15_15-10-23,237,0059,ECOHLDS,s,0.190,0.190,-,-,309,352,0.190,0.205,500,0.190,0.190
237,2019-10-15_15-10-23,238,5253,ECONBHD[S],s,0.760,0.755,0.005,+0.66,22408,10577,0.755,0.760,1634,0.765,0.750
238,2019-10-15_15-10-23,239,5253WA,ECONBHD-WA[S],s,0.195,0.195,-,-,5700,2487,0.190,0.195,4288,0.200,0.190
239,2019-10-15_15-10-23,240,8206,ECOWLD[S],s,0.650,0.655,-0.005,-0.76,24876,13070,0.650,0.655,5689,0.660,0.650
240,2019-10-15_15-10-23,241,8206WA,ECOWLD-WA[S],s,0.145,0.155,-0.010,-6.45,300,1752,0.145,0.150,208,0.155,0.145
241,2019-10-15_15-10-23,242,5036,EDARAN[S],s,0.425,0.420,0.005,+1.19,1025,195,0.425,0.430,67,0.430,0.420
242,2019-10-15_15-10-23,243,7471,EDEN,s,0.135,0.135,-,-,8713,11032,0.135,0.140,14580,0.135,0.135
243,2019-10-15_15-10-23,244,7471WB,EDEN-WB,s,0.045,0.045,-,-,2800,25151,0.040,0.045,18,0.045,0.045
244,2019-10-15_15-10-23,245,1368,EDGENTA[S],s,3.350,3.340,0.010,+0.30,506,97,3.340,3.350,150,3.350,3.330
245,2019-10-15_15-10-23,246,0064,EFFICEN,s,0.170,0.165,0.005,+3.03,749,1231,0.170,0.175,139,0.170,0.170
246,2019-10-15_15-10-23,247,0065,EFORCE[S],s,0.650,0.650,-,-,96481,10972,0.650,0.655,7173,0.670,0.650
247,2019-10-15_15-10-23,248,8907,EG[S],s,0.400,0.405,-0.005,-1.23,19550,2420,0.400,0.405,1600,0.430,0.400
248,2019-10-15_15-10-23,249,8907PA,EG-PA,s,0.405,0.400,0.005,+1.25,355,345,0.405,0.425,100,0.410,0.405
249,2019-10-15_15-10-23,250,8907WC,EG-WC[S],s,0.080,0.075,0.005,+6.67,7074,3900,0.075,0.085,1027,0.090,0.080
250,2019-10-15_15-10-23,251,5081,EIG[S],s,-,0.545,-,-,-,30,0.525,0.545,12,-,-
251,2019-10-15_15-10-23,252,5208,EITA[S],s,-,1.380,-,-,-,1,1.380,1.410,18,-,-
252,2019-10-15_15-10-23,253,7182,EKA[S],s,-,0.045,-,-,-,160,0.045,0.050,3014,-,-
253,2019-10-15_15-10-23,254,8877,EKOVEST[S],s,0.815,0.815,-,-,154749,15420,0.810,0.815,13986,0.820,0.805
254,2019-10-15_15-10-23,255,9016,EKSONS[S],s,0.710,0.750,-0.040,-5.33,6,20,0.735,0.745,70,0.710,0.710
255,2019-10-15_15-10-23,256,5228,ELKDESA,s,1.630,1.640,-0.010,-0.61,163,1310,1.620,1.640,661,1.630,1.630
256,2019-10-15_15-10-23,257,0090,ELSOFT[S],s,1.010,1.020,-0.010,-0.98,49336,5075,1.010,1.020,1726,1.050,1.010
257,2019-10-15_15-10-23,258,7217,EMETALL[S],s,0.350,0.350,-,-,300,450,0.345,0.350,7,0.350,0.345
258,2019-10-15_15-10-23,259,9091,EMICO[S],s,0.160,0.150,0.010,+6.67,25,100,0.155,0.160,1055,0.160,0.150
259,2019-10-15_15-10-23,260,6076,ENCORP,s,-,0.290,-,-,-,150,0.280,0.290,20,-,-
260,2019-10-15_15-10-23,261,7149,ENGKAH[S],s,-,1.030,-,-,-,30,0.885,1.030,107,-,-
261,2019-10-15_15-10-23,262,5056,ENGTEX[S],s,0.565,0.565,-,-,4693,2330,0.560,0.565,1690,0.565,0.565
262,2019-10-15_15-10-23,263,8613,ENRA[S],s,-,1.200,-,-,-,40,1.140,1.200,81,-,-
263,2019-10-15_15-10-23,264,7773,EPMB[S],s,0.350,0.345,0.005,+1.45,100,100,0.320,0.350,18,0.350,0.340
264,2019-10-15_15-10-23,265,6815,EUPE[S],s,-,0.630,-,-,-,300,0.605,0.635,1270,-,-
265,2019-10-15_15-10-23,266,7208,EURO[S],s,0.090,0.090,-,-,2,508,0.090,0.095,300,0.090,0.090
266,2019-10-15_15-10-23,267,7094,EUROSP[S],s,-,0.360,-,-,-,200,0.380,0.400,20,-,-
267,2019-10-15_15-10-23,268,5101,EVERGRN[S],s,0.260,0.260,-,-,500,750,0.260,0.265,1160,0.260,0.260
268,2019-10-15_15-10-23,269,7249,EWEIN[S],s,0.620,0.630,-0.010,-1.59,6685,80,0.620,0.625,1720,0.630,0.620
269,2019-10-15_15-10-23,270,7249WB,EWEIN-WB[S],s,0.190,0.195,-0.005,-2.56,5073,857,0.190,0.195,1120,0.195,0.190
270,2019-10-15_15-10-23,271,5283,EWINT,s,0.775,0.775,-,-,6139,424,0.775,0.780,4071,0.780,0.775
271,2019-10-15_15-10-23,272,5283WA,EWINT-WA,s,0.115,0.120,-0.005,-4.17,6650,9421,0.110,0.115,1090,0.120,0.110
272,2019-10-15_15-10-23,273,3689,F&N[S],s,34.400,34.460,-0.060,-0.17,67,11,34.380,34.420,13,34.600,34.020
273,2019-10-15_15-10-23,274,2984,FACBIND,s,-,1.290,-,-,-,20,1.250,1.290,120,-,-
274,2019-10-15_15-10-23,275,7047,FAJAR[S],s,0.360,0.365,-0.005,-1.37,428,752,0.360,0.365,232,0.365,0.360
275,2019-10-15_15-10-23,276,5029,FAREAST[S],s,-,2.680,-,-,-,100,2.650,2.680,30,-,-
276,2019-10-15_15-10-23,277,6041,FARLIM,s,-,0.340,-,-,-,110,0.335,0.340,1232,-,-
277,2019-10-15_15-10-23,278,7229,FAVCO[S],s,2.670,2.700,-0.030,-1.11,250,96,2.670,2.690,10,2.690,2.650
278,2019-10-15_15-10-23,279,2755,FCW,s,-,0.620,-,-,-,97,0.610,-,-,-,-
279,2019-10-15_15-10-23,280,5222,FGV[S],s,1.000,1.030,-0.030,-2.91,26035,10749,1.000,1.010,5143,1.040,1.000
280,2019-10-15_15-10-23,281,6939,FIAMMA[S],s,-,0.490,-,-,-,630,0.485,0.495,272,-,-
281,2019-10-15_15-10-23,282,0149,FIBON,s,0.340,0.350,-0.010,-2.86,350,8,0.350,0.370,300,0.350,0.340
282,2019-10-15_15-10-23,283,8605,FIHB[S],s,0.365,0.365,-,-,192,107,0.360,0.365,204,0.365,0.365
283,2019-10-15_15-10-23,284,8605PA,FIHB-PA[S],s,-,0.095,-,-,-,300,0.060,0.095,499,-,-
284,2019-10-15_15-10-23,285,8605PB,FIHB-PB[S],s,-,0.075,-,-,-,1100,0.050,-,-,-,-
285,2019-10-15_15-10-23,286,3107,FIMACOR[S],s,-,1.740,-,-,-,70,1.730,1.740,1,-,-
286,2019-10-15_15-10-23,287,9318,FITTERS[S],s,0.385,0.395,-0.010,-2.53,14992,9434,0.385,0.390,3977,0.400,0.385
287,2019-10-15_15-10-23,288,5197,FLBHD,s,1.140,1.120,0.020,+1.79,885,770,1.140,1.150,90,1.150,1.120
288,2019-10-15_15-10-23,289,5277,FPGROUP[S],s,0.435,0.440,-0.005,-1.14,52318,892,0.435,0.440,6772,0.445,0.430
289,2019-10-15_15-10-23,290,9172,FPI[S],s,1.600,1.610,-0.010,-0.62,799,188,1.590,1.600,187,1.600,1.590
290,2019-10-15_15-10-23,291,7210,FREIGHT[S],s,0.615,0.610,0.005,+0.82,186,220,0.610,0.615,94,0.615,0.615
291,2019-10-15_15-10-23,292,0128,FRONTKN[S],s,1.730,1.720,0.010,+0.58,13861,7856,1.720,1.730,3845,1.730,1.710
292,2019-10-15_15-10-23,293,9377,FSBM,Ss,-,0.095,-,-,-,-,-,-,-,-,-
293,2019-10-15_15-10-23,294,9377WA,FSBM-WA,Ss,-,0.025,-,-,-,-,-,-,-,-,-
294,2019-10-15_15-10-23,295,7184,G3,s,3.410,3.420,-0.010,-0.29,1819,242,3.400,3.410,40,3.460,3.390
295,2019-10-15_15-10-23,296,7184WA,G3-WA,s,3.330,3.250,0.080,+2.46,276,100,3.210,3.350,40,3.330,3.300
296,2019-10-15_15-10-23,297,9261,GADANG[S],s,0.705,0.675,0.030,+4.44,42057,2647,0.700,0.705,2070,0.710,0.675
297,2019-10-15_15-10-23,298,9261WB,GADANG-WB[S],s,0.220,0.210,0.010,+4.76,23224,1440,0.215,0.220,1191,0.225,0.205
298,2019-10-15_15-10-23,299,5398,GAMUDA[S],s,3.770,3.770,-,-,14696,423,3.770,3.780,178,3.800,3.740
299,2019-10-15_15-10-23,300,5398WE,GAMUDA-WE[S],s,0.260,0.275,-0.015,-5.45,5902,731,0.255,0.260,7,0.275,0.260
300,2019-10-15_15-10-23,301,5209,GASMSIA[S],s,2.820,2.820,-,-,51,149,2.820,2.840,182,2.820,2.820
301,2019-10-15_15-10-23,302,5226,GBGAQRS[S],s,1.330,1.280,0.050,+3.91,21839,1871,1.330,1.340,2595,1.350,1.280
302,2019-10-15_15-10-23,303,5226WB,GBGAQRS-WB[S],s,0.395,0.380,0.015,+3.95,17017,479,0.390,0.395,353,0.400,0.375
303,2019-10-15_15-10-23,304,5102,GCB,s,4.630,4.560,0.070,+1.54,3094,175,4.620,4.630,50,4.700,4.600
304,2019-10-15_15-10-23,305,5592,GCE,s,-,0.470,-,-,-,100,0.470,0.500,110,-,-
305,2019-10-15_15-10-23,306,0078,GDEX[S],s,0.285,0.285,-,-,4615,17734,0.280,0.285,5650,0.290,0.280
306,2019-10-15_15-10-23,307,0078WB,GDEX-WB[S],s,0.020,0.025,-0.005,-20.00,2801,300,0.020,0.025,13620,0.025,0.020
307,2019-10-15_15-10-23,308,4715,GENM,s,3.050,3.050,-,-,24845,3807,3.040,3.050,5624,3.060,3.040
308,2019-10-15_15-10-23,309,2291,GENP[S],s,9.910,9.840,0.070,+0.71,739,100,9.890,9.950,15,10.000,9.830
309,2019-10-15_15-10-23,310,3182,GENTING,s,5.690,5.650,0.040,+0.71,25097,1260,5.690,5.700,2005,5.720,5.650
310,2019-10-15_15-10-23,311,7197,GESHEN[S],s,0.460,0.460,-,-,60,40,0.460,0.490,60,0.460,0.460
311,2019-10-15_15-10-23,312,5079,GETS[S],s,0.175,0.180,-0.005,-2.78,13258,15770,0.170,0.175,5535,0.185,0.170
312,2019-10-15_15-10-23,313,0021,GHLSYS[S],s,1.380,1.380,-,-,3888,550,1.380,1.400,383,1.400,1.380
313,2019-10-15_15-10-23,314,3204,GKENT[S],s,1.050,1.060,-0.010,-0.94,3353,1935,1.050,1.060,1481,1.060,1.050
314,2019-10-15_15-10-23,315,7382,GLBHD,s,-,0.420,-,-,-,140,0.405,0.425,300,-,-
315,2019-10-15_15-10-23,316,5020,GLOMAC[S],s,0.360,0.365,-0.005,-1.37,1,137,0.360,0.380,270,0.360,0.360
316,2019-10-15_15-10-23,317,5220,GLOTEC[S],s,0.370,0.365,0.005,+1.37,10939,200,0.365,0.370,1541,0.375,0.355
317,2019-10-15_15-10-23,318,5220WA,GLOTEC-WA[S],s,0.055,0.055,-,-,87,540,0.055,0.060,232,0.055,0.055
318,2019-10-15_15-10-23,319,9962,GMUTUAL[S],s,-,0.255,-,-,-,5,0.255,0.265,90,-,-
319,2019-10-15_15-10-23,320,1147,GOB,s,0.190,0.195,-0.005,-2.56,510,190,0.190,0.200,2145,0.190,0.190
320,2019-10-15_15-10-23,321,1147WA,GOB-WA,s,-,0.005,-,-,-,-,-,0.005,9292,-,-
321,2019-10-15_15-10-23,322,7192,GOODWAY[S],s,0.215,0.210,0.005,+2.38,1996,7829,0.210,0.215,821,0.215,0.210
322,2019-10-15_15-10-23,323,2135,GOPENG[S],s,-,0.710,-,-,-,50,0.640,0.700,10,-,-
323,2019-10-15_15-10-23,324,7096,GPA,s,0.100,0.100,-,-,100,1615,0.100,0.115,200,0.100,0.100
324,2019-10-15_15-10-23,325,7096WA,GPA-WA,s,-,0.045,-,-,-,14068,0.040,0.045,2938,-,-
325,2019-10-15_15-10-23,326,0082,GPACKET,s,0.765,0.740,0.025,+3.38,132777,14892,0.760,0.765,647,0.770,0.745
326,2019-10-15_15-10-23,327,0082WB,GPACKET-WB,s,0.315,0.315,-,-,327310,300,0.315,0.320,359404,0.320,0.310
327,2019-10-15_15-10-23,328,5649,GPHAROS[S],s,-,0.180,-,-,-,200,0.180,0.230,200,-,-
328,2019-10-15_15-10-23,329,0056,GRANFLO[S],s,0.280,0.275,0.005,+1.82,3183,630,0.275,0.280,736,0.280,0.275
329,2019-10-15_15-10-23,330,0136,GREENYB[S],s,0.120,0.125,-0.005,-4.00,495,9055,0.115,0.120,1000,0.120,0.115
330,2019-10-15_15-10-23,331,7077,GSB,s,0.180,0.175,0.005,+2.86,850,1080,0.175,0.180,6167,0.180,0.175
331,2019-10-15_15-10-23,332,7022,GTRONIC[S],s,2.100,2.030,0.070,+3.45,24254,471,2.090,2.100,211,2.140,1.990
332,2019-10-15_15-10-23,333,3247,GUH[S],s,-,0.475,-,-,-,200,0.475,0.485,31,-,-
333,2019-10-15_15-10-23,334,7676,GUNUNG,s,-,0.325,-,-,-,500,0.295,0.320,322,-,-
334,2019-10-15_15-10-23,335,7676WB,GUNUNG-WB,s,0.035,0.040,-0.005,-12.50,110,2680,0.030,0.035,460,0.035,0.035
335,2019-10-15_15-10-23,336,1503,GUOCO,s,0.655,0.655,-,-,815,30,0.650,0.655,270,0.655,0.650
336,2019-10-15_15-10-23,337,7668,HAIO,s,2.300,2.270,0.030,+1.32,1345,185,2.300,2.310,244,2.320,2.280
337,2019-10-15_15-10-23,338,7253,HANDAL[S],s,0.365,0.360,0.005,+1.39,1024,1624,0.360,0.370,1927,0.365,0.365
338,2019-10-15_15-10-23,339,3034,HAPSENG,s,9.790,9.850,-0.060,-0.61,725,44,9.790,9.800,176,9.850,9.780
339,2019-10-15_15-10-23,340,2062,HARBOUR[S],s,-,0.610,-,-,-,50,0.590,0.600,50,-,-
340,2019-10-15_15-10-23,341,2062WC,HARBOUR-WC[S],s,-,0.030,-,-,-,1000,0.025,0.100,390,-,-
341,2019-10-15_15-10-23,342,5008,HARISON,s,-,3.630,-,-,-,5,3.630,3.700,20,-,-
342,2019-10-15_15-10-23,343,7501,HARNLEN[S],s,-,0.615,-,-,-,60,0.550,0.610,100,-,-
343,2019-10-15_15-10-23,344,7501WB,HARNLEN-WB[S],s,0.070,0.070,-,-,102,483,0.070,0.090,260,0.100,0.070
344,2019-10-15_15-10-23,345,5168,HARTA[S],s,5.240,5.240,-,-,5925,241,5.240,5.250,2754,5.250,5.190
345,2019-10-15_15-10-23,346,5187,HBGLOB,s,0.115,0.065,0.050,+76.92,185270,5693,0.115,0.120,10164,0.155,0.110
346,2019-10-15_15-10-23,347,7105,HCK[S],s,1.220,1.230,-0.010,-0.81,760,550,1.210,1.220,180,1.220,1.220
347,2019-10-15_15-10-23,348,7105WA,HCK-WA[S],s,-,0.235,-,-,-,300,0.235,0.240,200,-,-
348,2019-10-15_15-10-23,349,3255,HEIM,s,25.020,24.440,0.580,+2.37,1070,4,25.020,25.040,19,25.080,24.500
349,2019-10-15_15-10-23,350,5121,HEKTAR,s,0.990,0.985,0.005,+0.51,1080,232,0.985,0.990,350,0.990,0.980
350,2019-10-15_15-10-23,351,4324,HENGYUAN[S],s,4.450,4.410,0.040,+0.91,1004,14,4.450,4.460,5,4.450,4.400
351,2019-10-15_15-10-23,352,5095,HEVEA[S],s,0.500,0.505,-0.005,-0.99,1009,1060,0.495,0.500,51,0.505,0.500
352,2019-10-15_15-10-23,353,5095WB,HEVEA-WB[S],s,-,0.230,-,-,-,110,0.235,0.400,100,-,-
353,2019-10-15_15-10-23,354,5151,HEXTAR[S],s,-,0.720,-,-,-,30,0.665,0.695,33,-,-
354,2019-10-15_15-10-23,355,3298,HEXZA,s,0.765,0.750,0.015,+2.00,1508,340,0.760,0.765,1,0.770,0.760
355,2019-10-15_15-10-23,356,5072,HIAPTEK[S],s,0.185,0.180,0.005,+2.78,27206,22895,0.185,0.190,15873,0.190,0.185
356,2019-10-15_15-10-23,357,5072WB,HIAPTEK-WB[S],s,0.040,0.040,-,-,16100,6857,0.035,0.040,1446,0.040,0.040
357,2019-10-15_15-10-23,358,5199,HIBISCS[S],s,0.970,0.935,0.035,+3.74,172001,388,0.970,0.975,5729,0.980,0.935
358,2019-10-15_15-10-23,359,5199WC,HIBISCS-WC[S],s,0.285,0.265,0.020,+7.55,133564,1310,0.285,0.290,6675,0.295,0.265
359,2019-10-15_15-10-23,360,7033,HIGHTEC[S],s,-,1.030,-,-,-,5,1.000,1.080,100,-,-
360,2019-10-15_15-10-23,361,8443,HIL,s,0.525,0.525,-,-,524,1110,0.520,0.525,26,0.525,0.525
361,2019-10-15_15-10-23,362,8443WB,HIL-WB,s,-,0.180,-,-,-,45,0.165,0.185,4,-,-
362,2019-10-15_15-10-23,363,5819,HLBANK,s,16.500,16.500,-,-,5517,995,16.480,16.500,181,16.680,16.360
363,2019-10-15_15-10-23,364,5274,HLCAP,Ss,-,9.600,-,-,-,-,-,-,-,-,-
364,2019-10-15_15-10-23,365,1082,HLFG,s,16.280,16.320,-0.040,-0.25,612,37,16.240,16.280,34,16.340,16.100
365,2019-10-15_15-10-23,366,3301,HLIND,s,10.300,10.480,-0.180,-1.72,127,10,10.320,10.480,10,10.600,10.300
366,2019-10-15_15-10-23,367,5169,HOHUP[S],s,0.505,0.505,-,-,969,2119,0.500,0.505,678,0.505,0.500
367,2019-10-15_15-10-23,368,5165,HOKHENG[S],s,-,0.620,-,-,-,60,0.615,0.640,459,-,-
368,2019-10-15_15-10-23,369,5160,HOMERIZ[S],s,0.650,0.655,-0.005,-0.76,654,151,0.650,0.655,888,0.655,0.650
369,2019-10-15_15-10-23,370,5160WA,HOMERIZ-WA[S],s,-,0.020,-,-,-,7818,0.015,0.020,433,-,-
370,2019-10-15_15-10-23,371,5160WB,HOMERIZ-WB[S],s,0.190,0.195,-0.005,-2.56,4210,7256,0.185,0.190,1188,0.190,0.185
371,2019-10-15_15-10-23,372,7010,HOOVER[S],s,0.530,0.530,-,-,850,100,0.460,0.580,100,0.530,0.530
372,2019-10-15_15-10-23,373,5291,HPMT,s,0.345,0.345,-,-,1390,886,0.345,0.350,630,0.350,0.345
373,2019-10-15_15-10-23,374,6238,HSL[S],s,1.330,1.330,-,-,1206,1353,1.330,1.340,497,1.330,1.330
374,2019-10-15_15-10-23,375,5138,HSPLANT[S],s,1.460,1.470,-0.010,-0.68,150,76,1.460,1.470,30,1.460,1.460
375,2019-10-15_15-10-23,376,0185,HSSEB[S],s,0.805,0.840,-0.035,-4.17,15656,561,0.805,0.810,170,0.835,0.790
376,2019-10-15_15-10-23,377,0185WA,HSSEB-WA[S],s,0.170,0.175,-0.005,-2.86,60,40,0.170,0.175,210,0.170,0.170
377,2019-10-15_15-10-23,378,5028,HTPADU[S],s,1.120,1.120,-,-,7784,1396,1.110,1.130,501,1.150,1.110
378,2019-10-15_15-10-23,379,2739,HUAAN[S],s,0.145,0.125,0.020,+16.00,196585,27591,0.145,0.150,56354,0.150,0.125
379,2019-10-15_15-10-23,380,5062,HUAYANG[S],s,0.330,0.340,-0.010,-2.94,162,654,0.330,0.335,300,0.335,0.330
380,2019-10-15_15-10-23,381,7013,HUBLINE[S],s,0.050,0.050,-,-,113787,26456,0.045,0.050,116216,0.050,0.045
381,2019-10-15_15-10-23,382,7013WA,HUBLINE-WA[S],s,-,0.005,-,-,-,-,-,0.005,170130,-,-
382,2019-10-15_15-10-23,383,7013WB,HUBLINE-WB[S],s,-,0.005,-,-,-,-,-,0.005,7788,-,-
383,2019-10-15_15-10-23,384,7013WC,HUBLINE-WC[S],s,-,0.025,-,-,-,117100,0.015,0.025,23495,-,-
384,2019-10-15_15-10-23,385,5000,HUMEIND,s,1.070,1.070,-,-,2447,1164,1.060,1.070,348,1.080,1.060
385,2019-10-15_15-10-23,386,5024,HUPSENG[S],s,0.900,0.905,-0.005,-0.55,237,549,0.900,0.905,1171,0.905,0.900
386,2019-10-15_15-10-23,387,8478,HWATAI[S],s,-,0.300,-,-,-,120,0.255,0.265,150,-,-
387,2019-10-15_15-10-23,388,9601,HWGB[S],s,0.075,0.080,-0.005,-6.25,2100,5215,0.070,0.075,42,0.075,0.075
388,2019-10-15_15-10-23,389,9601WD,HWGB-WD[S],s,0.015,0.020,-0.005,-25.00,80,125,0.015,0.020,1075,0.015,0.015
389,2019-10-15_15-10-23,390,4251,IBHD[S],s,0.295,0.300,-0.005,-1.67,400,308,0.290,0.295,201,0.295,0.295
390,2019-10-15_15-10-23,391,5084,IBRACO[S],s,-,0.530,-,-,-,300,0.525,0.545,72,-,-
391,2019-10-15_15-10-23,392,5108,ICAP,s,-,2.410,-,-,-,250,2.400,2.430,100,-,-
392,2019-10-15_15-10-23,393,5255,ICON[S],s,0.040,0.040,-,-,10368,16440,0.040,0.045,122461,0.045,0.040
393,2019-10-15_15-10-23,394,9113,ICONIC[S],s,0.320,0.305,0.015,+4.92,24029,2934,0.310,0.315,550,0.320,0.305
394,2019-10-15_15-10-23,395,9687,IDEAL[S],s,1.370,1.390,-0.020,-1.44,527,143,1.370,1.380,215,1.370,1.360
395,2019-10-15_15-10-23,396,9687WB,IDEAL-WB[S],s,0.380,0.350,0.030,+8.57,500,500,0.370,0.400,137,0.380,0.380
396,2019-10-15_15-10-23,397,5606,IGBB,s,2.740,2.790,-0.050,-1.79,116,120,2.710,2.740,4,2.750,2.740
397,2019-10-15_15-10-23,398,5606PA,IGBB-PA,s,-,1.220,-,-,-,313,1.220,1.230,29,-,-
398,2019-10-15_15-10-23,399,5606PB,IGBB-PB,s,-,3.000,-,-,-,30,3.000,-,-,-,-
399,2019-10-15_15-10-23,400,5227,IGBREIT,s,1.960,1.960,-,-,3343,7712,1.950,1.960,3868,1.970,1.950
400,2019-10-15_15-10-23,401,5225,IHH[S],s,5.630,5.770,-0.140,-2.43,6864,554,5.620,5.630,313,5.750,5.620
401,2019-10-15_15-10-23,402,3336,IJM[S],s,2.270,2.270,-,-,1408,630,2.260,2.270,962,2.270,2.250
402,2019-10-15_15-10-23,403,2216,IJMPLNT[S],s,-,1.500,-,-,-,150,1.500,1.550,45,-,-
403,2019-10-15_15-10-23,404,5268,IKHMAS[S],s,0.095,0.085,0.010,+11.76,61267,11973,0.090,0.095,14419,0.095,0.085
404,2019-10-15_15-10-23,405,5614,ILB,s,-,0.345,-,-,-,213,0.335,0.370,305,-,-
405,2019-10-15_15-10-23,406,7222,IMASPRO[S],s,2.130,2.130,-,-,900,91,2.040,2.110,550,2.130,2.070
406,2019-10-15_15-10-23,407,7243,IMPIANA[S],s,0.025,0.025,-,-,49050,987386,0.025,0.030,376689,0.025,0.025
407,2019-10-15_15-10-23,408,0166,INARI[S],s,2.000,2.000,-,-,30633,6714,1.990,2.000,7141,2.000,1.970
408,2019-10-15_15-10-23,409,0166WB,INARI-WB[S],s,1.440,1.450,-0.010,-0.69,37,500,1.450,1.460,43,1.440,1.440
409,2019-10-15_15-10-23,410,2607,INCKEN[S],s,0.605,0.610,-0.005,-0.82,20,10,0.600,0.605,510,0.605,0.605
410,2019-10-15_15-10-23,411,6262,INNO[S],s,0.620,0.620,-,-,20,280,0.620,0.630,30,0.620,0.620
411,2019-10-15_15-10-23,412,3379,INSAS,s,0.810,0.815,-0.005,-0.61,1784,1030,0.805,0.815,309,0.815,0.810
412,2019-10-15_15-10-23,413,3379PA,INSAS-PA,s,1.020,0.990,0.030,+3.03,13,14,0.995,1.020,3441,1.020,0.990
413,2019-10-15_15-10-23,414,3379WB,INSAS-WB,s,-,0.040,-,-,-,4150,0.030,0.035,32,-,-
414,2019-10-15_15-10-23,415,0192,INTA[S],s,0.265,0.270,-0.005,-1.85,4694,1603,0.265,0.270,5595,0.270,0.265
415,2019-10-15_15-10-23,416,1961,IOICORP[S],s,4.200,4.200,-,-,3812,1061,4.190,4.200,2036,4.220,4.180
416,2019-10-15_15-10-23,417,5249,IOIPG[S],s,1.130,1.140,-0.010,-0.88,8521,3591,1.130,1.140,4433,1.150,1.130
417,2019-10-15_15-10-23,418,5673,IPMUDA[S],s,-,0.370,-,-,-,651,0.360,0.430,60,-,-
418,2019-10-15_15-10-23,419,5107,IQGROUP[S],s,0.795,0.795,-,-,60,34,0.790,0.810,38,0.795,0.795
419,2019-10-15_15-10-23,420,8834,IREKA[S],s,-,0.490,-,-,-,50,0.430,0.490,638,-,-
420,2019-10-15_15-10-23,421,7183,IRETEX[S],s,0.095,0.100,-0.005,-5.00,660,4940,0.095,0.100,900,0.100,0.095
421,2019-10-15_15-10-23,422,9393,ITRONIC[S],s,0.090,0.090,-,-,100,200,0.090,0.095,500,0.090,0.090
422,2019-10-15_15-10-23,423,5175,IVORY[S],s,0.180,0.180,-,-,330,54,0.180,0.190,330,0.180,0.180
423,2019-10-15_15-10-23,424,1589,IWCITY[S],s,0.920,0.920,-,-,74687,1,0.920,0.925,2872,0.940,0.915
424,2019-10-15_15-10-23,425,7043,JADEM[S],s,1.190,1.190,-,-,1500,30,1.080,1.190,1000,1.190,1.180
425,2019-10-15_15-10-23,426,7223,JADI[S],s,0.055,0.055,-,-,4000,63237,0.050,0.055,13200,0.055,0.055
426,2019-10-15_15-10-23,427,4723,JAKS[S],s,0.985,0.990,-0.005,-0.51,152669,5042,0.980,0.985,794,1.020,0.970
427,2019-10-15_15-10-23,428,4723WB,JAKS-WB[S],s,0.675,0.670,0.005,+0.75,7460,50,0.675,0.680,68,0.695,0.670
428,2019-10-15_15-10-23,429,8648,JASKITA,s,-,0.100,-,-,-,6488,0.100,0.105,3799,-,-
429,2019-10-15_15-10-23,430,7152,JAYCORP[S],s,1.090,1.090,-,-,545,274,1.080,1.090,19,1.100,1.090
430,2019-10-15_15-10-23,431,0058,JCBNEXT,s,-,1.460,-,-,-,743,1.450,1.500,149,-,-
431,2019-10-15_15-10-23,432,5161,JCY[S],s,0.180,0.185,-0.005,-2.70,38904,7428,0.180,0.185,5163,0.190,0.180
432,2019-10-15_15-10-23,433,8931,JERASIA,s,-,0.320,-,-,-,200,0.315,0.355,20,-,-
433,2019-10-15_15-10-23,434,9083,JETSON[S],s,0.135,0.135,-,-,300,500,0.125,0.130,200,0.135,0.135
434,2019-10-15_15-10-23,435,8923,JIANKUN[S],s,-,0.320,-,-,-,1000,0.310,0.340,100,-,-
435,2019-10-15_15-10-23,436,8923WA,JIANKUN-WA[S],s,-,0.060,-,-,-,1620,0.055,0.065,500,-,-
436,2019-10-15_15-10-23,437,6769,JKGLAND[S],s,0.070,0.070,-,-,311,101172,0.070,0.075,12325,0.070,0.070
437,2019-10-15_15-10-23,438,3441,JOHAN,s,-,0.075,-,-,-,510,0.070,0.075,1850,-,-
438,2019-10-15_15-10-23,439,7167,JOHOTIN[S],s,1.330,1.300,0.030,+2.31,8072,946,1.320,1.330,39,1.330,1.270
439,2019-10-15_15-10-23,440,4383,JTIASA[S],s,0.490,0.505,-0.015,-2.97,2233,415,0.490,0.495,119,0.505,0.490
440,2019-10-15_15-10-23,441,8672,KAMDAR[S],s,-,0.275,-,-,-,100,0.260,0.310,148,-,-
441,2019-10-15_15-10-23,442,5247,KAREX,s,0.430,0.430,-,-,5870,1226,0.425,0.430,2250,0.435,0.425
442,2019-10-15_15-10-23,443,0054,KARYON[S],s,0.130,0.130,-,-,2151,5100,0.125,0.130,193,0.130,0.125
443,2019-10-15_15-10-23,444,7216,KAWAN[S],s,1.290,1.290,-,-,710,200,1.270,1.300,169,1.290,1.280
444,2019-10-15_15-10-23,445,3115,KBUNAI,s,0.105,0.105,-,-,5788,1467225,0.105,0.110,201404,0.110,0.105
445,2019-10-15_15-10-23,446,3115WC,KBUNAI-WC,s,0.025,0.025,-,-,1076,2636956,0.025,0.030,523972,0.025,0.025
446,2019-10-15_15-10-23,447,7199,KEINHIN[S],s,-,0.485,-,-,-,50,0.480,0.545,40,-,-
447,2019-10-15_15-10-23,448,7323,KEN[S],s,-,0.580,-,-,-,1070,0.580,0.630,130,-,-
448,2019-10-15_15-10-23,449,6483,KENANGA,s,-,0.490,-,-,-,200,0.490,0.515,633,-,-
449,2019-10-15_15-10-23,450,7161,KERJAYA[S],s,1.370,1.370,-,-,106,117,1.370,1.380,29,1.390,1.360
450,2019-10-15_15-10-23,451,7161WB,KERJAYA-WB[S],s,0.250,0.255,-0.005,-1.96,223,1000,0.240,0.250,27,0.250,0.245
451,2019-10-15_15-10-23,452,9334,KESM,s,7.650,7.650,-,-,258,100,7.620,7.680,20,7.650,7.560
452,2019-10-15_15-10-23,453,0143,KEYASIC[S],s,0.070,0.070,-,-,4800,6185,0.070,0.075,21597,0.070,0.070
453,2019-10-15_15-10-23,454,6491,KFIMA[S],s,1.570,1.560,0.010,+0.64,60,89,1.560,1.580,50,1.570,1.570
454,2019-10-15_15-10-23,455,8303,KFM[S],s,-,0.145,-,-,-,100,0.125,0.160,130,-,-
455,2019-10-15_15-10-23,456,0151,KGB[S],s,1.320,1.310,0.010,+0.76,814,1027,1.310,1.320,679,1.320,1.300
456,2019-10-15_15-10-23,457,6203,KHEESAN[S],s,0.260,0.260,-,-,4035,373,0.260,0.265,1485,0.265,0.255
457,2019-10-15_15-10-23,458,7062,KHIND[S],s,-,1.540,-,-,-,50,1.340,1.600,100,-,-
458,2019-10-15_15-10-23,459,6211,KIALIM[S],s,-,0.200,-,-,-,150,0.190,0.215,100,-,-
459,2019-10-15_15-10-23,460,5371,KIMHIN[S],s,-,1.080,-,-,-,30,1.010,1.100,40,-,-
460,2019-10-15_15-10-23,461,5171,KIMLUN[S],s,1.260,1.250,0.010,+0.80,632,224,1.260,1.270,155,1.260,1.250
461,2019-10-15_15-10-23,462,5171WA,KIMLUN-WA[S],s,0.300,0.280,0.020,+7.14,635,95,0.295,0.305,50,0.300,0.290
462,2019-10-15_15-10-23,463,5060,KINSTEL,Ss,-,0.005,-,-,-,-,-,-,-,-,-
463,2019-10-15_15-10-23,464,5280,KIPREIT,s,0.845,0.845,-,-,27,65,0.845,0.850,637,0.845,0.845
464,2019-10-15_15-10-23,465,9466,KKB[S],s,1.420,1.440,-0.020,-1.39,44,30,1.420,1.430,66,1.430,1.420
465,2019-10-15_15-10-23,466,5235SS,KLCC[S],,,,,,,,,,,,
466,2019-10-15_15-10-23,s,8.000,8.000,-,-,3,87,8.000,8.050,1,8.000,7.960,,,
467,2019-10-15_15-10-23,467,2445,KLK[S],s,21.500,21.420,0.080,+0.37,6688,330,21.480,21.500,135,21.700,21.360
468,2019-10-15_15-10-23,468,2453,KLUANG,s,3.350,3.350,-,-,1,36,3.350,3.390,31,3.350,3.350
469,2019-10-15_15-10-23,469,5027,KMLOONG[S],s,1.160,1.160,-,-,80,170,1.160,1.170,302,1.160,1.160
470,2019-10-15_15-10-23,470,5027WB,KMLOONG-WB[S],s,-,0.185,-,-,-,500,0.175,0.190,1,-,-
471,2019-10-15_15-10-23,471,7164,KNM[S],s,0.445,0.395,0.050,+12.66,1354479,59373,0.440,0.445,44292,0.445,0.395
472,2019-10-15_15-10-23,472,7164WB,KNM-WB[S],s,0.185,0.125,0.060,+48.00,701395,21873,0.185,0.190,27911,0.190,0.130
473,2019-10-15_15-10-23,473,5035,KNUSFOR[S],s,-,0.600,-,-,-,20,0.580,0.600,155,-,-
474,2019-10-15_15-10-23,474,6971,KOBAY[S],s,1.590,1.590,-,-,202,190,1.580,1.640,40,1.600,1.550
475,2019-10-15_15-10-23,475,7017,KOMARK[S],s,0.285,0.285,-,-,61991,34713,0.285,0.290,12187,0.290,0.285
476,2019-10-15_15-10-23,476,7017WB,KOMARK-WB[S],s,0.050,0.050,-,-,800,836,0.050,0.055,600,0.050,0.050
477,2019-10-15_15-10-23,477,7153,KOSSAN[S],s,4.210,4.210,-,-,5089,535,4.200,4.210,530,4.240,4.190
478,2019-10-15_15-10-23,478,0002,KOTRA[S],s,1.900,1.900,-,-,50,150,1.880,1.950,150,1.900,1.900
479,2019-10-15_15-10-23,479,5878,KPJ[S],s,0.905,0.920,-0.015,-1.63,6664,69,0.905,0.910,3153,0.915,0.905
480,2019-10-15_15-10-23,480,7130,KPOWER[S],s,0.995,1.000,-0.005,-0.50,4522,27366,0.995,1.000,43899,1.000,0.995
481,2019-10-15_15-10-23,481,5843,KPS[S],s,0.700,0.715,-0.015,-2.10,10614,1415,0.690,0.700,1146,0.720,0.690
482,2019-10-15_15-10-23,482,9121,KPSCB[S],s,-,0.475,-,-,-,150,0.475,0.490,97,-,-
483,2019-10-15_15-10-23,483,1996,KRETAM[S],s,0.360,0.360,-,-,195,2350,0.355,0.360,817,0.360,0.350
484,2019-10-15_15-10-23,484,3476,KSENG,s,4.800,4.770,0.030,+0.63,294,13,4.790,4.800,74,4.800,4.780
485,2019-10-15_15-10-23,485,5038,KSL[S],s,0.780,0.785,-0.005,-0.64,648,409,0.780,0.785,958,0.785,0.780
486,2019-10-15_15-10-23,486,5192,KSSC[S],s,0.425,0.420,0.005,+1.19,250,39,0.425,0.430,71,0.425,0.425
487,2019-10-15_15-10-23,487,5172,KSTAR,s,0.100,0.095,0.005,+5.26,12904,596,0.095,0.100,5390,0.100,0.090
488,2019-10-15_15-10-23,488,5172WA,KSTAR-WA,s,0.015,0.015,-,-,3500,109049,0.010,0.015,2611,0.015,0.015
489,2019-10-15_15-10-23,489,4847,KTB[S],s,0.080,0.085,-0.005,-5.88,3200,8000,0.080,0.085,3345,0.085,0.080
490,2019-10-15_15-10-23,490,6874,KUB[S],s,0.325,0.315,0.010,+3.17,1820,80,0.325,0.330,720,0.325,0.315
491,2019-10-15_15-10-23,491,2186,KUCHAI,s,-,1.690,-,-,-,310,1.650,1.700,120,-,-
492,2019-10-15_15-10-23,492,6572,KWANTAS[S],s,-,0.620,-,-,-,130,0.620,0.650,10,-,-
493,2019-10-15_15-10-23,493,8362,KYM[S],s,-,0.295,-,-,-,100,0.270,0.295,443,-,-
494,2019-10-15_15-10-23,494,3174,L&G[S],s,0.140,0.145,-0.005,-3.45,1626,34163,0.140,0.145,11262,0.145,0.140
495,2019-10-15_15-10-23,495,1643,LANDMRK,s,0.465,0.470,-0.005,-1.06,30,290,0.470,0.475,120,0.465,0.465
496,2019-10-15_15-10-23,496,7006,LATITUD[S],s,2.790,2.790,-,-,5,40,2.750,2.830,24,2.790,2.790
497,2019-10-15_15-10-23,497,9385,LAYHONG[S],s,0.440,0.445,-0.005,-1.12,8679,4158,0.435,0.440,2042,0.445,0.435
498,2019-10-15_15-10-23,498,9385WA,LAYHONG-WA[S],s,0.155,0.160,-0.005,-3.13,3013,5838,0.155,0.160,6440,0.160,0.155
499,2019-10-15_15-10-23,499,9326,LBALUM[S],s,-,0.470,-,-,-,70,0.465,0.495,251,-,-
500,2019-10-15_15-10-23,500,8494,LBICAP,s,0.635,0.645,-0.010,-1.55,35,65,0.635,0.640,55,0.635,0.635
501,2019-10-15_15-10-23,501,8494WB,LBICAP-WB,s,0.135,0.140,-0.005,-3.57,600,250,0.130,0.140,620,0.135,0.135
502,2019-10-15_15-10-23,502,5789,LBS[S],s,0.495,0.495,-,-,2057,3816,0.490,0.495,743,0.500,0.495
503,2019-10-15_15-10-23,503,5789PA,LBS-PA[S],s,-,0.690,-,-,-,110,0.390,-,-,-,-
504,2019-10-15_15-10-23,504,5789WB,LBS-WB[S],s,-,0.050,-,-,-,3016,0.045,0.050,3462,-,-
505,2019-10-15_15-10-23,505,5284,LCTITAN[S],s,2.600,2.600,-,-,780,291,2.580,2.600,263,2.610,2.580
506,2019-10-15_15-10-23,506,9628,LEBTECH[S],s,-,0.900,-,-,-,1,0.805,1.200,6,-,-
507,2019-10-15_15-10-23,507,8079,LEESK[S],s,0.620,0.615,0.005,+0.81,490,205,0.615,0.620,124,0.620,0.610
508,2019-10-15_15-10-23,508,5232,LEONFB[S],s,-,0.445,-,-,-,181,0.435,0.450,50,-,-
509,2019-10-15_15-10-23,509,8745,LEWEKO[S],s,0.185,0.185,-,-,600,789,0.180,0.185,54,0.185,0.185
510,2019-10-15_15-10-23,510,8745WB,LEWEKO-WB[S],s,-,0.035,-,-,-,100,0.030,0.045,353,-,-
511,2019-10-15_15-10-23,511,7170,LFECORP[S],s,0.125,0.125,-,-,200,200,0.120,0.125,46,0.125,0.125
512,2019-10-15_15-10-23,512,6633,LHI,s,0.920,0.920,-,-,2138,1145,0.915,0.920,1478,0.925,0.915
513,2019-10-15_15-10-23,513,3573,LIENHOE,s,0.245,0.250,-0.005,-2.00,63,837,0.245,0.250,4,0.245,0.245
514,2019-10-15_15-10-23,514,7089,LIIHEN[S],s,3.140,3.150,-0.010,-0.32,880,44,3.140,3.150,72,3.180,3.140
515,2019-10-15_15-10-23,515,8486,LIONFIB[S],s,-,0.385,-,-,-,471,0.385,0.440,53,-,-
516,2019-10-15_15-10-23,516,4235,LIONIND[S],s,0.390,0.395,-0.005,-1.27,5477,4133,0.390,0.395,2638,0.395,0.385
517,2019-10-15_15-10-23,517,6645,LITRAK[S],s,4.790,4.810,-0.020,-0.42,304,104,4.780,4.790,15,4.820,4.770
518,2019-10-15_15-10-23,518,7126,LONBISC,s,0.100,0.095,0.005,+5.26,24600,8395,0.095,0.100,1005,0.100,0.095
519,2019-10-15_15-10-23,519,7126WA,LONBISC-WA,s,-,0.005,-,-,-,-,-,0.005,7337,-,-
520,2019-10-15_15-10-23,520,8621,LPI,s,15.600,15.500,0.100,+0.65,16,20,15.500,15.600,75,15.600,15.480
521,2019-10-15_15-10-23,521,9881,LSTEEL[S],s,-,0.285,-,-,-,200,0.285,0.300,20,-,-
522,2019-10-15_15-10-23,522,7085,LTKM[S],s,-,1.320,-,-,-,50,1.210,1.350,20,-,-
523,2019-10-15_15-10-23,523,5068,LUSTER,s,0.075,0.075,-,-,2000,62537,0.070,0.075,33493,0.075,0.075
524,2019-10-15_15-10-23,524,5068WA,LUSTER-WA,s,0.020,0.025,-0.005,-20.00,3000,63095,0.015,0.025,37113,0.020,0.020
525,2019-10-15_15-10-23,525,5068WB,LUSTER-WB,s,-,0.030,-,-,-,39389,0.020,0.030,11910,-,-
526,2019-10-15_15-10-23,526,5143,LUXCHEM[S],s,0.475,0.480,-0.005,-1.04,380,225,0.475,0.480,545,0.475,0.475
527,2019-10-15_15-10-23,527,9199,LYSAGHT[S],s,-,2.390,-,-,-,46,2.390,2.580,10,-,-
528,2019-10-15_15-10-23,528,5078,M&G,s,0.070,0.070,-,-,3870,160,0.070,0.075,2133,0.070,0.070
529,2019-10-15_15-10-23,529,1198,MAA,s,0.790,0.790,-,-,250,550,0.780,0.795,200,0.790,0.790
530,2019-10-15_15-10-23,530,7617,MAGNA[S],s,-,0.930,-,-,-,200,0.940,1.030,150,-,-
531,2019-10-15_15-10-23,531,7617WB,MAGNA-WB[S],s,-,0.185,-,-,-,1000,0.180,0.220,250,-,-
532,2019-10-15_15-10-23,532,7087,MAGNI[S],s,2.650,2.600,0.050,+1.92,8737,10,2.650,2.660,189,2.740,2.620
533,2019-10-15_15-10-23,533,3859,MAGNUM,s,2.820,2.780,0.040,+1.44,2529,319,2.810,2.820,882,2.820,2.780
534,2019-10-15_15-10-23,534,8583,MAHSING[S],s,0.770,0.785,-0.015,-1.91,6057,1981,0.770,0.775,2786,0.785,0.770
535,2019-10-15_15-10-23,535,8583WC,MAHSING-WC[S],s,0.005,0.005,-,-,6010,-,-,0.005,4517,0.005,0.005
536,2019-10-15_15-10-23,536,5264,MALAKOF[S],s,0.840,0.835,0.005,+0.60,1632,719,0.835,0.840,3794,0.840,0.835
537,2019-10-15_15-10-23,537,4936,MALPAC,s,-,0.675,-,-,-,100,0.690,0.730,60,-,-
538,2019-10-15_15-10-23,538,6181,MALTON[S],s,0.480,0.480,-,-,3856,1429,0.475,0.480,1172,0.480,0.475
539,2019-10-15_15-10-23,539,1058,MANULFE,s,-,2.480,-,-,-,30,2.420,2.480,15,-,-
540,2019-10-15_15-10-23,540,3514,MARCO,s,-,0.110,-,-,-,12053,0.110,0.115,6603,-,-
541,2019-10-15_15-10-23,541,5098,MASTEEL[S],s,0.380,0.375,0.005,+1.33,2881,1630,0.375,0.380,2989,0.380,0.370
542,2019-10-15_15-10-23,542,7029,MASTER[S],s,1.420,1.420,-,-,5035,10,1.410,1.420,147,1.440,1.410
543,2019-10-15_15-10-23,543,5236,MATRIX[S],s,1.900,1.900,-,-,127,801,1.890,1.900,900,1.900,1.890
544,2019-10-15_15-10-23,544,5236WA,MATRIX-WA[S],s,-,0.045,-,-,-,720,0.040,0.045,83,-,-
545,2019-10-15_15-10-23,545,6012,MAXIS[S],s,5.390,5.410,-0.020,-0.37,2657,936,5.390,5.400,593,5.410,5.390
546,2019-10-15_15-10-23,546,1155,MAYBANK,s,8.520,8.530,-0.010,-0.12,17109,1895,8.520,8.530,1980,8.550,8.520
547,2019-10-15_15-10-23,547,5077,MAYBULK,s,0.680,0.695,-0.015,-2.16,4532,126,0.680,0.685,617,0.705,0.675
548,2019-10-15_15-10-23,548,5886,MBG[S],s,-,1.310,-,-,-,331,1.310,1.320,45,-,-
549,2019-10-15_15-10-23,549,5152,MBL[S],s,-,1.190,-,-,-,100,1.160,1.180,138,-,-
550,2019-10-15_15-10-23,550,5152WA,MBL-WA[S],s,0.380,0.380,-,-,380,170,0.380,0.410,300,0.380,0.380
551,2019-10-15_15-10-23,551,5983,MBMR[S],s,3.990,3.980,0.010,+0.25,852,653,3.990,4.000,188,4.010,3.990
552,2019-10-15_15-10-23,552,1171,MBSB,s,0.830,0.840,-0.010,-1.19,18735,11582,0.825,0.830,9321,0.840,0.825
553,2019-10-15_15-10-23,553,7189,MBWORLD[S],s,-,1.610,-,-,-,250,1.610,1.680,26,-,-
554,2019-10-15_15-10-23,554,7004,MCEHLDG[S],s,-,0.615,-,-,-,110,0.490,0.590,100,-,-
555,2019-10-15_15-10-23,555,3794,MCEMENT[S],s,2.790,2.810,-0.020,-0.71,10,100,2.800,2.940,20,2.790,2.790
556,2019-10-15_15-10-23,556,5182,MCT[S],s,0.205,0.205,-,-,242,250,0.205,0.210,358,0.210,0.205
557,2019-10-15_15-10-23,557,4502,MEDIA,s,0.385,0.395,-0.010,-2.53,2499,4,0.385,0.390,800,0.395,0.380
558,2019-10-15_15-10-23,558,5090,MEDIAC[S],s,0.175,0.175,-,-,1000,580,0.175,0.180,3071,0.175,0.175
559,2019-10-15_15-10-23,559,5129,MELATI[S],s,-,0.390,-,-,-,100,0.365,0.400,280,-,-
560,2019-10-15_15-10-23,560,3778,MELEWAR[S],s,0.130,0.130,-,-,66,1213,0.125,0.130,14,0.130,0.130
561,2019-10-15_15-10-23,561,3778WB,MELEWAR-WB[S],s,0.035,0.035,-,-,361,139,0.035,0.040,1200,0.035,0.035
562,2019-10-15_15-10-23,562,1694,MENANG[S],s,0.310,0.310,-,-,50,160,0.310,0.335,426,0.335,0.310
563,2019-10-15_15-10-23,563,5223,MENTIGA[S],s,0.550,0.555,-0.005,-0.90,215,130,0.530,0.630,40,0.555,0.550
564,2019-10-15_15-10-23,564,8192,MERCURY[S],s,0.745,0.745,-,-,130,80,0.710,0.745,50,0.745,0.710
565,2019-10-15_15-10-23,565,5006,MERGE[S],s,-,0.920,-,-,-,50,0.905,1.000,20,-,-
566,2019-10-15_15-10-23,566,5040,MERIDIAN[S],s,0.065,0.065,-,-,5390,30591,0.065,0.070,77782,0.070,0.065
567,2019-10-15_15-10-23,567,5040WA,MERIDIAN-WA[S],s,-,0.085,-,-,-,400,0.035,0.060,500,-,-
568,2019-10-15_15-10-23,568,5040WB,MERIDIAN-WB[S],s,0.010,0.005,0.005,+100.00,1,32675,0.005,0.010,5221,0.010,0.010
569,2019-10-15_15-10-23,569,5040WC,MERIDIAN-WC[S],s,-,0.015,-,-,-,3200,0.010,0.015,16842,-,-
570,2019-10-15_15-10-23,570,7234,MESB[S],s,0.495,0.475,0.020,+4.21,36643,332,0.495,0.500,390,0.520,0.480
571,2019-10-15_15-10-23,571,7234WA,MESB-WA[S],s,0.280,0.280,-,-,10629,100,0.260,0.280,174,0.310,0.275
572,2019-10-15_15-10-23,572,6149,METROD,s,-,1.520,-,-,-,210,1.450,1.650,10,-,-
573,2019-10-15_15-10-23,573,3069,MFCB[S],s,4.400,4.300,0.100,+2.33,11790,131,4.390,4.400,1436,4.400,4.280
574,2019-10-15_15-10-23,574,3069WA,MFCB-WA[S],s,2.150,2.050,0.100,+4.88,5274,8,2.140,2.150,330,2.150,2.020
575,2019-10-15_15-10-23,575,3662,MFLOUR,s,0.620,0.610,0.010,+1.64,19642,4495,0.615,0.620,577,0.630,0.610
576,2019-10-15_15-10-23,576,3662WC,MFLOUR-WC,s,0.300,0.295,0.005,+1.69,2697,793,0.295,0.300,270,0.305,0.295
577,2019-10-15_15-10-23,577,7595,MGB[S],s,0.625,0.625,-,-,452,5,0.620,0.625,5,0.630,0.610
578,2019-10-15_15-10-23,578,7595WA,MGB-WA[S],Ss,-,0.085,-,-,-,-,-,-,-,-,-
579,2019-10-15_15-10-23,579,5186,MHB[S],s,0.900,0.920,-0.020,-2.17,4641,751,0.900,0.905,50,0.930,0.885
580,2019-10-15_15-10-23,580,5026,MHC[S],s,-,0.570,-,-,-,647,0.555,0.570,179,-,-
581,2019-10-15_15-10-23,581,5286,MI[S],s,2.440,2.470,-0.030,-1.21,11897,590,2.440,2.450,50,2.500,2.430
582,2019-10-15_15-10-23,582,5001,MIECO[S],s,0.280,0.285,-0.005,-1.75,454,42,0.280,0.285,1030,0.285,0.280
583,2019-10-15_15-10-23,583,7935,MILUX[S],s,-,0.800,-,-,-,20,0.760,-,-,-,-
584,2019-10-15_15-10-23,584,5166,MINDA[S],s,0.070,0.065,0.005,+7.69,1994,636,0.070,0.075,1893,0.070,0.065
585,2019-10-15_15-10-23,585,7219,MINETEC[S],s,0.055,0.055,-,-,35500,20234,0.050,0.055,6450,0.055,0.055
586,2019-10-15_15-10-23,586,7219WA,MINETEC-WA[S],s,-,0.005,-,-,-,-,-,0.005,274200,-,-
587,2019-10-15_15-10-23,587,5576,MINHO[S],s,-,0.255,-,-,-,628,0.255,0.265,356,-,-
588,2019-10-15_15-10-23,588,5576WC,MINHO-WC[S],s,-,0.045,-,-,-,1000,0.035,0.045,408,-,-
589,2019-10-15_15-10-23,589,3816,MISC[S],s,8.420,8.400,0.020,+0.24,11863,1011,8.410,8.420,2524,8.580,8.390
590,2019-10-15_15-10-23,590,9571,MITRA[S],s,0.270,0.275,-0.005,-1.82,2250,1001,0.270,0.275,201,0.275,0.265
591,2019-10-15_15-10-23,591,9571WD,MITRA-WD[S],s,-,0.020,-,-,-,3000,0.010,0.015,9,-,-
592,2019-10-15_15-10-23,592,9571WE,MITRA-WE[S],s,-,0.070,-,-,-,2832,0.060,0.070,94,-,-
593,2019-10-15_15-10-23,593,8141,MJPERAK,s,0.210,0.215,-0.005,-2.33,106,291,0.210,0.225,377,0.210,0.210
594,2019-10-15_15-10-23,594,6114,MKH[S],s,1.210,1.220,-0.010,-0.82,185,220,1.210,1.220,133,1.210,1.200
595,2019-10-15_15-10-23,595,8893,MKLAND[S],s,0.170,0.170,-,-,1,568,0.165,0.170,1273,0.170,0.170
596,2019-10-15_15-10-23,596,2194,MMCCORP[S],s,1.030,1.040,-0.010,-0.96,2974,2104,1.030,1.040,1404,1.040,1.030
597,2019-10-15_15-10-23,597,0113,MMSV[S],s,0.850,0.845,0.005,+0.59,30148,935,0.845,0.850,25,0.880,0.850
598,2019-10-15_15-10-23,598,6459,MNRB,s,1.090,1.090,-,-,1426,24,1.090,1.100,451,1.090,1.090
599,2019-10-15_15-10-23,599,6548,MPCORP,s,0.095,0.090,0.005,+5.56,565,995,0.095,0.100,597,0.095,0.095
600,2019-10-15_15-10-23,600,5237,MPHBCAP,s,1.090,1.100,-0.010,-0.91,479,233,1.090,1.100,376,1.100,1.090
601,2019-10-15_15-10-23,601,3867,MPI,s,10.040,10.000,0.040,+0.40,2153,11,10.020,10.040,6,10.080,9.980
602,2019-10-15_15-10-23,602,5123,MQREIT,s,1.010,1.020,-0.010,-0.98,420,830,1.010,1.020,660,1.020,1.010
603,2019-10-15_15-10-23,603,1651,MRCB[S],s,0.740,0.735,0.005,+0.68,41144,5472,0.735,0.740,1694,0.745,0.730
604,2019-10-15_15-10-23,604,1651WB,MRCB-WB[S],s,0.225,0.225,-,-,4959,1076,0.220,0.225,785,0.225,0.220
605,2019-10-15_15-10-23,605,5916,MSC,s,0.800,0.805,-0.005,-0.62,70,30,0.805,0.810,100,0.800,0.800
606,2019-10-15_15-10-23,606,5202,MSM[S],s,0.985,1.010,-0.025,-2.48,3834,235,0.980,0.985,33,1.010,0.985
607,2019-10-15_15-10-23,607,5011,MSNIAGA[S],s,-,1.030,-,-,-,30,1.040,1.130,50,-,-
608,2019-10-15_15-10-23,608,5150,MSPORTS,s,0.010,0.015,-0.005,-33.33,3053,19250,0.010,0.015,44978,0.010,0.010
609,2019-10-15_15-10-23,609,5924,MTDACPI[S],s,-,0.165,-,-,-,200,0.160,0.165,67,-,-
610,2019-10-15_15-10-23,610,0043,MTRONIC[S],s,0.050,0.050,-,-,20366,25334,0.050,0.055,83270,0.050,0.050
611,2019-10-15_15-10-23,611,0043WA,MTRONIC-WA[S],s,0.015,0.015,-,-,117500,742808,0.010,0.015,150352,0.015,0.010
612,2019-10-15_15-10-23,612,3883,MUDA[S],s,1.530,1.530,-,-,860,585,1.520,1.530,24,1.530,1.510
613,2019-10-15_15-10-23,613,5085,MUDAJYA[S],s,0.185,0.185,-,-,752,1038,0.185,0.190,1664,0.185,0.185
614,2019-10-15_15-10-23,614,9539,MUH[S],s,-,0.400,-,-,-,100,0.355,0.400,80,-,-
615,2019-10-15_15-10-23,615,5703,MUHIBAH[S],s,2.400,2.390,0.010,+0.42,584,130,2.400,2.410,149,2.410,2.390
616,2019-10-15_15-10-23,616,3891,MUIIND,s,0.195,0.200,-0.005,-2.50,2372,766,0.195,0.200,158,0.200,0.195
617,2019-10-15_15-10-23,617,3913,MUIPROP[S],s,0.175,0.175,-,-,4506,14647,0.170,0.175,364,0.175,0.175
618,2019-10-15_15-10-23,618,3905,MULPHA,s,2.060,2.070,-0.010,-0.48,36,7,2.060,2.070,15,2.060,2.060
619,2019-10-15_15-10-23,619,5087,MYCRON[S],s,-,0.280,-,-,-,1266,0.260,0.280,905,-,-
620,2019-10-15_15-10-23,620,5087WA,MYCRON-WA[S],s,-,0.055,-,-,-,100,0.055,-,-,-,-
621,2019-10-15_15-10-23,621,0138,MYEG[S],s,1.420,1.440,-0.020,-1.39,98803,11557,1.410,1.420,8201,1.440,1.410
622,2019-10-15_15-10-23,622,5275,MYNEWS,s,1.370,1.350,0.020,+1.48,11,74,1.330,1.350,50,1.370,1.330
623,2019-10-15_15-10-23,623,0041,MYSCM[S],s,0.175,0.170,0.005,+2.94,3307,10219,0.165,0.170,900,0.175,0.170
624,2019-10-15_15-10-23,624,0041PA,MYSCM-PA,s,-,0.050,-,-,-,107768,0.045,0.050,26279,-,-
625,2019-10-15_15-10-23,625,0041WA,MYSCM-WA[S],s,0.040,0.045,-0.005,-11.11,11226,11774,0.040,0.045,29213,0.040,0.040
626,2019-10-15_15-10-23,626,5073,NAIM[S],s,1.040,1.050,-0.010,-0.95,65496,385,1.040,1.050,2325,1.080,1.020
627,2019-10-15_15-10-23,627,9806,NATWIDE[S],s,0.160,0.160,-,-,243,7,0.160,0.170,100,0.160,0.160
628,2019-10-15_15-10-23,628,4707,NESTLE[S],s,144.100,144.300,-0.200,-0.14,85,4,144.100,144.200,17,144.300,143.900
629,2019-10-15_15-10-23,629,7241,NGGB[S],s,0.380,0.390,-0.010,-2.56,17795,103,0.380,0.385,1500,0.395,0.380
630,2019-10-15_15-10-23,630,7241WA,NGGB-WA[S],s,0.125,0.125,-,-,2190,350,0.125,0.130,3700,0.125,0.125
631,2019-10-15_15-10-23,631,7060,NHFATT[S],s,-,2.730,-,-,-,40,2.650,2.700,15,-,-
632,2019-10-15_15-10-23,632,7139,NICE[S],s,0.050,0.050,-,-,7300,22541,0.045,0.050,39020,0.050,0.050
633,2019-10-15_15-10-23,633,7139WB,NICE-WB[S],s,-,0.025,-,-,-,61851,0.020,0.025,2853,-,-
634,2019-10-15_15-10-23,634,7215,NIHSIN[S],s,0.175,0.165,0.010,+6.06,8577,7456,0.170,0.175,2115,0.180,0.170
635,2019-10-15_15-10-23,635,7215WB,NIHSIN-WB[S],s,0.055,0.055,-,-,2907,17285,0.055,0.060,18472,0.055,0.055
636,2019-10-15_15-10-23,636,0083,NOTION[S],s,0.765,0.725,0.040,+5.52,57560,560,0.760,0.765,889,0.765,0.710
637,2019-10-15_15-10-23,637,0083WC,NOTION-WC[S],s,0.295,0.285,0.010,+3.51,3315,500,0.290,0.300,1876,0.295,0.280
638,2019-10-15_15-10-23,638,5047,NPC[S],s,-,1.880,-,-,-,30,1.690,1.890,72,-,-
639,2019-10-15_15-10-23,639,2038,NSOP,s,-,3.330,-,-,-,30,3.340,3.430,10,-,-
640,2019-10-15_15-10-23,640,5066,NTPM[S],s,0.475,0.475,-,-,871,1539,0.475,0.480,294,0.480,0.475
641,2019-10-15_15-10-23,641,5025,NWP[S],s,0.090,0.095,-0.005,-5.26,800,110,0.090,0.095,3054,0.095,0.090
642,2019-10-15_15-10-23,642,4944,NYLEX[S],s,0.585,0.595,-0.010,-1.68,150,570,0.585,0.595,300,0.585,0.585
643,2019-10-15_15-10-23,643,5533,OCB[S],s,-,0.420,-,-,-,20,0.395,0.470,386,-,-
644,2019-10-15_15-10-23,644,0172,OCK[S],s,0.605,0.615,-0.010,-1.63,27504,1017,0.605,0.610,6834,0.620,0.605
645,2019-10-15_15-10-23,645,0172WA,OCK-WA[S],s,0.110,0.115,-0.005,-4.35,26382,2407,0.110,0.115,7979,0.115,0.110
646,2019-10-15_15-10-23,646,0049,OCNCASH[S],s,0.430,0.430,-,-,122,200,0.405,0.430,220,0.430,0.410
647,2019-10-15_15-10-23,647,7071,OCR[S],s,0.285,0.270,0.015,+5.56,49750,1098,0.280,0.285,3388,0.285,0.270
648,2019-10-15_15-10-23,648,7071PA,OCR-PA[S],s,0.030,0.025,0.005,+20.00,2484,73626,0.025,0.030,98757,0.030,0.025
649,2019-10-15_15-10-23,649,7071WC,OCR-WC[S],s,0.030,0.025,0.005,+20.00,930,1380,0.025,0.030,1180,0.030,0.025
650,2019-10-15_15-10-23,650,7071WD,OCR-WD[S],s,0.070,0.060,0.010,+16.67,9842,7178,0.065,0.070,9901,0.070,0.060
651,2019-10-15_15-10-23,651,7107,OFI[S],s,0.655,0.645,0.010,+1.55,1246,54,0.655,0.660,473,0.660,0.650
652,2019-10-15_15-10-23,652,5827,OIB[S],s,2.000,2.100,-0.100,-4.76,12,20,2.010,2.370,42,2.000,2.000
653,2019-10-15_15-10-23,653,7140,OKA[S],s,0.655,0.645,0.010,+1.55,370,252,0.655,0.660,780,0.655,0.650
654,2019-10-15_15-10-23,654,3018,OLYMPIA,s,0.100,0.110,-0.010,-9.09,446,7834,0.100,0.105,440,0.100,0.100
655,2019-10-15_15-10-23,655,9008,OMESTI[S],s,0.405,0.415,-0.010,-2.41,5060,1115,0.400,0.410,490,0.420,0.405
656,2019-10-15_15-10-23,656,4006,ORIENT,s,6.600,6.600,-,-,908,273,6.590,6.600,38,6.600,6.600
657,2019-10-15_15-10-23,657,5065,ORNA[S],s,0.895,0.900,-0.005,-0.56,476,165,0.890,0.895,334,0.900,0.895
658,2019-10-15_15-10-23,658,5053,OSK,s,0.960,0.960,-,-,2809,836,0.960,0.965,317,0.965,0.955
659,2019-10-15_15-10-23,659,5053WC,OSK-WC,s,0.025,0.025,-,-,81,619,0.025,0.030,4957,0.025,0.025
660,2019-10-15_15-10-23,660,5260,OWG,s,0.530,0.535,-0.005,-0.93,1205,170,0.530,0.535,240,0.540,0.530
661,2019-10-15_15-10-23,661,5260WA,OWG-WA,s,0.165,0.170,-0.005,-2.94,290,10,0.165,0.170,2175,0.165,0.165
662,2019-10-15_15-10-23,662,6009,P&O,s,0.975,0.975,-,-,100,250,0.965,0.975,130,0.975,0.970
663,2019-10-15_15-10-23,663,7225,PA[S],s,0.055,0.055,-,-,12380,422626,0.050,0.055,15506,0.055,0.055
664,2019-10-15_15-10-23,664,7225WB,PA-WB[S],s,-,0.030,-,-,-,81500,0.025,0.030,10920,-,-
665,2019-10-15_15-10-23,665,7052,PADINI[S],s,3.700,3.700,-,-,590,132,3.690,3.700,109,3.700,3.690
666,2019-10-15_15-10-23,666,3719,PANAMY,s,37.520,37.600,-0.080,-0.21,31,23,37.520,37.540,1,37.600,37.520
667,2019-10-15_15-10-23,667,8419,PANSAR[S],s,0.585,0.565,0.020,+3.54,62559,2181,0.580,0.585,682,0.590,0.565
668,2019-10-15_15-10-23,668,8419WA,PANSAR-WA[S],s,0.200,0.200,-,-,10,98,0.180,0.200,65,0.200,0.200
669,2019-10-15_15-10-23,669,5125,PANTECH[S],s,0.500,0.500,-,-,6122,1738,0.500,0.505,3604,0.500,0.495
670,2019-10-15_15-10-23,670,5125WA,PANTECH-WA[S],s,0.075,0.075,-,-,2073,1227,0.075,0.080,1500,0.075,0.075
671,2019-10-15_15-10-23,671,5125WB,PANTECH-WB[S],s,0.100,0.110,-0.010,-9.09,33,567,0.100,0.110,30,0.100,0.095
672,2019-10-15_15-10-23,672,5022,PAOS[S],s,-,0.370,-,-,-,100,0.330,0.370,189,-,-
673,2019-10-15_15-10-23,673,5022WA,PAOS-WA[S],s,-,0.035,-,-,-,384,0.035,0.070,94,-,-
674,2019-10-15_15-10-23,674,9407,PARAGON[S],s,-,0.275,-,-,-,200,0.250,0.275,185,-,-
675,2019-10-15_15-10-23,675,1724,PARAMON[S],s,1.290,1.310,-0.020,-1.53,3090,998,1.290,1.300,565,1.320,1.290
676,2019-10-15_15-10-23,676,1724WA,PARAMON-WA[S],s,0.185,0.195,-0.010,-5.13,1629,3320,0.185,0.190,453,0.195,0.185
677,2019-10-15_15-10-23,677,5657,PARKSON[S],s,0.205,0.205,-,-,1191,336,0.205,0.210,3525,0.210,0.200
678,2019-10-15_15-10-23,678,6912,PASDEC[S],s,0.340,0.350,-0.010,-2.86,1120,100,0.335,0.360,200,0.340,0.335
679,2019-10-15_15-10-23,679,6912WA,PASDEC-WA[S],s,0.050,0.040,0.010,+25.00,910,90,0.050,0.055,499,0.050,0.050
680,2019-10-15_15-10-23,680,5212,PAVREIT,s,1.780,1.790,-0.010,-0.56,15039,2091,1.770,1.780,1060,1.790,1.770
681,2019-10-15_15-10-23,681,5041,PBA[S],s,1.120,1.120,-,-,100,160,1.120,1.150,50,1.120,1.120
682,2019-10-15_15-10-23,682,1295,PBBANK,s,19.160,19.160,-,-,12161,183,19.160,19.180,183,19.240,19.080
683,2019-10-15_15-10-23,683,6068,PCCS[S],s,0.420,0.430,-0.010,-2.33,21726,2800,0.415,0.420,1759,0.440,0.420
684,2019-10-15_15-10-23,684,6068WA,PCCS-WA[S],s,0.150,0.160,-0.010,-6.25,19682,15328,0.150,0.155,2564,0.160,0.150
685,2019-10-15_15-10-23,685,5183,PCHEM[S],s,7.300,7.280,0.020,+0.27,18990,423,7.300,7.310,507,7.320,7.210
686,2019-10-15_15-10-23,686,6254,PDZ[S],s,-,0.035,-,-,-,10460,0.030,0.035,84457,-,-
687,2019-10-15_15-10-23,687,6254WB,PDZ-WB[S],s,0.010,0.010,-,-,100,331668,0.005,0.010,49141,0.010,0.010
688,2019-10-15_15-10-23,688,5622,PEB,s,0.790,0.795,-0.005,-0.63,250,250,0.785,0.790,4,0.795,0.790
689,2019-10-15_15-10-23,689,5271,PECCA[S],s,1.190,1.200,-0.010,-0.83,3234,65,1.190,1.200,1541,1.190,1.190
690,2019-10-15_15-10-23,690,5231,PELIKAN[S],s,0.320,0.315,0.005,+1.59,160,220,0.315,0.320,190,0.320,0.320
691,2019-10-15_15-10-23,691,5133,PENERGY[S],s,1.440,1.500,-0.060,-4.00,5460,165,1.410,1.440,83,1.520,1.440
692,2019-10-15_15-10-23,692,9997,PENSONI,s,-,0.400,-,-,-,150,0.365,0.390,280,-,-
693,2019-10-15_15-10-23,693,9997WB,PENSONI-WB,s,-,0.075,-,-,-,4536,0.055,0.075,191,-,-
694,2019-10-15_15-10-23,694,7160,PENTA[S],s,4.650,4.690,-0.040,-0.85,10943,173,4.650,4.660,119,4.730,4.630
695,2019-10-15_15-10-23,695,7108,PERDANA[S],s,0.355,0.355,-,-,43425,5679,0.355,0.360,4346,0.365,0.355
696,2019-10-15_15-10-23,696,0047,PERISAI,Ss,-,0.005,-,-,-,-,-,-,-,-,-
697,2019-10-15_15-10-23,697,7080,PERMAJU[S],s,0.670,0.670,-,-,27440,3950,0.665,0.675,693,0.680,0.665
698,2019-10-15_15-10-23,698,5436,PERSTIM[S],s,4.490,4.600,-0.110,-2.39,60,136,4.490,4.550,12,4.500,4.490
699,2019-10-15_15-10-23,699,8311,PESONA[S],s,-,0.225,-,-,-,107,0.220,0.225,956,-,-
700,2019-10-15_15-10-23,700,8311WC,PESONA-WC[S],s,0.010,0.010,-,-,10400,18100,0.010,0.015,38730,0.010,0.010
701,2019-10-15_15-10-23,701,5219,PESTECH[S],s,1.320,1.340,-0.020,-1.49,3287,796,1.310,1.320,432,1.360,1.310
702,2019-10-15_15-10-23,702,5681,PETDAG[S],s,23.300,23.300,-,-,467,83,23.280,23.300,78,23.500,23.200
703,2019-10-15_15-10-23,703,6033,PETGAS[S],s,16.640,16.680,-0.040,-0.24,267,3,16.620,16.680,104,16.700,16.640
704,2019-10-15_15-10-23,704,3042,PETRONM[S],s,4.960,4.970,-0.010,-0.20,1521,148,4.950,4.960,22,5.000,4.950
705,2019-10-15_15-10-23,705,3611,PGLOBE,s,0.970,0.960,0.010,+1.04,301,50,0.930,0.970,49,0.970,0.930
706,2019-10-15_15-10-23,706,3611WA,PGLOBE-WA,s,-,0.010,-,-,-,1094,0.015,0.055,294,-,-
707,2019-10-15_15-10-23,707,7081,PHARMA[S],s,2.390,2.320,0.070,+3.02,3066,100,2.380,2.400,70,2.430,2.320
708,2019-10-15_15-10-23,708,4464,PHB[S],s,0.010,0.010,-,-,4821,6181552,0.005,0.010,2118215,0.010,0.005
709,2019-10-15_15-10-23,709,4464WB,PHB-WB[S],s,-,0.005,-,-,-,-,-,0.005,1348834,-,-
710,2019-10-15_15-10-23,710,7201,PICORP[S],s,-,0.115,-,-,-,1110,0.115,0.120,460,-,-
711,2019-10-15_15-10-23,711,7095,PIE[S],s,1.380,1.390,-0.010,-0.72,2778,16,1.380,1.390,330,1.380,1.360
712,2019-10-15_15-10-23,712,1902,PINEPAC[S],s,0.255,0.245,0.010,+4.08,819,450,0.250,0.265,100,0.255,0.255
713,2019-10-15_15-10-23,713,7163,PJBUMI[S],s,-,0.160,-,-,-,169,0.135,0.210,200,-,-
714,2019-10-15_15-10-23,714,7163WA,PJBUMI-WA[S],s,-,0.025,-,-,-,1000,0.025,0.080,200,-,-
715,2019-10-15_15-10-23,715,7055,PLB,s,-,1.070,-,-,-,40,1.000,1.120,10,-,-
716,2019-10-15_15-10-23,716,5075,PLENITU,s,1.330,1.340,-0.010,-0.75,140,75,1.320,1.340,76,1.330,1.330
717,2019-10-15_15-10-23,717,9695,PLS[S],s,0.690,0.715,-0.025,-3.50,20,180,0.690,0.720,120,0.690,0.690
718,2019-10-15_15-10-23,718,7172,PMBTECH[S],s,3.180,3.170,0.010,+0.32,5,50,3.170,3.190,5,3.180,3.180
719,2019-10-15_15-10-23,719,7172WA,PMBTECH-WA[S],s,1.180,1.170,0.010,+0.85,210,80,1.180,1.190,55,1.180,1.180
720,2019-10-15_15-10-23,720,4081,PMCORP[S],s,0.140,0.135,0.005,+3.70,36,464,0.140,0.145,500,0.140,0.140
721,2019-10-15_15-10-23,721,8869,PMETAL[S],s,4.760,4.710,0.050,+1.06,1319,242,4.750,4.760,957,4.760,4.680
722,2019-10-15_15-10-23,722,1287,PMHLDG[S],s,0.055,0.060,-0.005,-8.33,2000,14401,0.055,0.060,2010,0.055,0.055
723,2019-10-15_15-10-23,723,6637,PNEPCB[S],s,0.540,0.535,0.005,+0.93,8284,206,0.540,0.545,200,0.545,0.530
724,2019-10-15_15-10-23,724,5080,POHKONG[S],s,0.500,0.495,0.005,+1.01,210,650,0.500,0.505,50,0.500,0.500
725,2019-10-15_15-10-23,725,7088,POHUAT[S],s,1.520,1.520,-,-,1035,518,1.520,1.530,60,1.520,1.520
726,2019-10-15_15-10-23,726,7088WB,POHUAT-WB[S],s,-,0.515,-,-,-,346,0.510,0.530,120,-,-
727,2019-10-15_15-10-23,727,8117,POLY[S],s,-,0.340,-,-,-,50,0.340,0.390,40,-,-
728,2019-10-15_15-10-23,728,4634,POS[S],s,1.700,1.690,0.010,+0.59,3699,470,1.690,1.700,63,1.710,1.670
729,2019-10-15_15-10-23,729,4065,PPB[S],s,17.940,17.940,-,-,1281,210,17.920,17.940,112,17.960,17.820
730,2019-10-15_15-10-23,730,7190,PPG[S],s,-,0.320,-,-,-,150,0.280,0.370,50,-,-
731,2019-10-15_15-10-23,731,8273,PPHB[S],s,0.630,0.640,-0.010,-1.56,1175,128,0.630,0.640,243,0.640,0.630
732,2019-10-15_15-10-23,732,5204,PRESBHD[S],s,0.500,0.490,0.010,+2.04,144242,18150,0.495,0.500,1681,0.510,0.495
733,2019-10-15_15-10-23,733,9873,PRESTAR[S],s,0.410,0.410,-,-,299,111,0.410,0.415,59,0.410,0.405
734,2019-10-15_15-10-23,734,7168,PRG[S],s,1.000,0.955,0.045,+4.71,82093,453,0.995,1.000,690,1.060,0.970
735,2019-10-15_15-10-23,735,8346,PRKCORP[S],s,-,0.350,-,-,-,50,0.335,0.385,100,-,-
736,2019-10-15_15-10-23,736,8966,PRLEXUS[S],s,0.895,0.900,-0.005,-0.56,4716,907,0.890,0.895,451,0.910,0.890
737,2019-10-15_15-10-23,737,8966WA,PRLEXUS-WA[S],s,0.225,0.235,-0.010,-4.26,8660,1215,0.225,0.230,1500,0.240,0.225
738,2019-10-15_15-10-23,738,5070,PRTASCO[S],s,0.250,0.255,-0.005,-1.96,574,43,0.250,0.255,351,0.255,0.245
739,2019-10-15_15-10-23,739,5070WA,PRTASCO-WA[S],s,-,0.050,-,-,-,1000,0.050,0.055,1870,-,-
740,2019-10-15_15-10-23,740,7145,PSIPTEK[S],s,0.105,0.105,-,-,6601,5628,0.105,0.110,16866,0.105,0.105
741,2019-10-15_15-10-23,741,7145WA,PSIPTEK-WA[S],s,0.005,0.005,-,-,17456,648,0.005,0.010,14775,0.010,0.005
742,2019-10-15_15-10-23,742,9598,PTARAS[S],s,3.340,3.290,0.050,+1.52,20,10,3.290,3.340,15,3.340,3.340
743,2019-10-15_15-10-23,743,0186,PTRANS[S],s,0.210,0.205,0.005,+2.44,84235,42676,0.205,0.210,6667,0.215,0.205
744,2019-10-15_15-10-23,744,0186WA,PTRANS-WA[S],s,0.035,0.030,0.005,+16.67,5278,31172,0.030,0.035,13062,0.035,0.030
745,2019-10-15_15-10-23,745,6807,PUNCAK[S],s,0.270,0.265,0.005,+1.89,503,502,0.265,0.270,69,0.270,0.265
746,2019-10-15_15-10-23,746,7134,PWF[S],s,0.710,0.735,-0.025,-3.40,30,20,0.710,0.735,30,0.710,0.710
747,2019-10-15_15-10-23,747,7134WA,PWF-WA[S],s,-,0.110,-,-,-,500,0.115,0.140,300,-,-
748,2019-10-15_15-10-23,748,7123,PWORTH[S],s,0.055,0.055,-,-,88643,565497,0.050,0.055,31088,0.055,0.050
749,2019-10-15_15-10-23,749,7237,PWROOT[S],s,2.150,2.130,0.020,+0.94,9293,51,2.140,2.150,5,2.170,2.120
750,2019-10-15_15-10-23,750,7237WA,PWROOT-WA[S],s,0.630,0.615,0.015,+2.44,625,50,0.620,0.630,190,0.640,0.620
751,2019-10-15_15-10-23,751,7084,QL[S],s,7.180,7.200,-0.020,-0.28,1024,130,7.170,7.180,41,7.200,7.080
752,2019-10-15_15-10-23,752,7544,QUALITY[S],s,-,0.800,-,-,-,2000,0.750,1.050,50,-,-
753,2019-10-15_15-10-23,753,7498,RALCO[S],s,-,0.230,-,-,-,470,0.230,0.280,383,-,-
754,2019-10-15_15-10-23,754,7498WB,RALCO-WB[S],s,-,0.005,-,-,-,-,-,0.010,3700,-,-
755,2019-10-15_15-10-23,755,5272,RANHILL[S],s,1.220,1.220,-,-,590,250,1.210,1.220,380,1.220,1.220
756,2019-10-15_15-10-23,756,7765,RAPID,s,5.900,6.030,-0.130,-2.16,1,5,5.910,5.990,913,5.900,5.900
757,2019-10-15_15-10-23,757,9296,RCECAP,s,1.540,1.550,-0.010,-0.65,539,473,1.530,1.540,18,1.550,1.540
758,2019-10-15_15-10-23,758,5256,REACH[S],s,0.195,0.195,-,-,56435,8710,0.195,0.200,20746,0.200,0.195
759,2019-10-15_15-10-23,759,5256WA,REACH-WA[S],s,0.045,0.050,-0.005,-10.00,12768,45912,0.045,0.050,101935,0.045,0.045
760,2019-10-15_15-10-23,760,7232,RESINTC[S],s,-,0.315,-,-,-,30,0.315,0.330,565,-,-
761,2019-10-15_15-10-23,761,9946,REX[S],s,-,0.290,-,-,-,150,0.265,0.290,252,-,-
762,2019-10-15_15-10-23,762,0037,RGB,s,0.180,0.170,0.010,+5.88,12180,1306,0.175,0.180,10367,0.180,0.175
763,2019-10-15_15-10-23,763,9954,RGTBHD[S],s,0.140,0.140,-,-,1704,46,0.140,0.145,4501,0.140,0.140
764,2019-10-15_15-10-23,764,9954WB,RGTBHD-WB[S],s,0.065,0.065,-,-,2000,2000,0.065,0.070,1421,0.065,0.065
765,2019-10-15_15-10-23,765,1066,RHBBANK,s,5.680,5.690,-0.010,-0.18,10499,3002,5.680,5.690,1990,5.720,5.680
766,2019-10-15_15-10-23,766,5278,RHONEMA,s,-,0.695,-,-,-,30,0.635,0.690,101,-,-
767,2019-10-15_15-10-23,767,9741,ROHAS[S],s,0.515,0.525,-0.010,-1.90,2926,932,0.515,0.520,1732,0.525,0.515
768,2019-10-15_15-10-23,768,5113,RSAWIT[S],s,0.125,0.130,-0.005,-3.85,200,9160,0.125,0.130,1950,0.130,0.125
769,2019-10-15_15-10-23,769,5270,RSENA,Ss,-,0.505,-,-,-,-,-,-,-,-,-
770,2019-10-15_15-10-23,770,7803,RUBEREX[S],s,0.570,0.565,0.005,+0.88,261,1040,0.565,0.570,175,0.570,0.560
771,2019-10-15_15-10-23,771,2542,RVIEW[S],s,-,2.830,-,-,-,31,2.800,2.890,3,-,-
772,2019-10-15_15-10-23,772,5134,SAB[S],s,3.820,3.560,0.260,+7.30,1,10,3.560,3.800,50,3.820,3.820
773,2019-10-15_15-10-23,773,8567,SALCON[S],s,0.230,0.225,0.005,+2.22,3354,9039,0.220,0.230,5286,0.230,0.220
774,2019-10-15_15-10-23,774,8567WB,SALCON-WB[S],s,0.060,0.065,-0.005,-7.69,6572,10165,0.060,0.065,17608,0.060,0.060
775,2019-10-15_15-10-23,775,0183,SALUTE[S],s,0.930,0.900,0.030,+3.33,62297,1405,0.930,0.935,1047,0.940,0.890
776,2019-10-15_15-10-23,776,9822,SAM[S],s,7.960,8.100,-0.140,-1.73,182,48,7.960,8.000,50,8.050,7.950
777,2019-10-15_15-10-23,777,5147,SAMCHEM,s,0.580,0.580,-,-,477,2053,0.575,0.580,268,0.580,0.580
778,2019-10-15_15-10-23,778,7811,SAPIND[S],s,-,0.710,-,-,-,314,0.700,0.715,20,-,-
779,2019-10-15_15-10-23,779,5218,SAPNRG[S],s,0.270,0.265,0.005,+1.89,780571,327033,0.265,0.270,295582,0.275,0.265
780,2019-10-15_15-10-23,780,5218PA,SAPNRG-PA[S],s,-,0.280,-,-,-,300,0.280,0.305,200,-,-
781,2019-10-15_15-10-23,781,5218WA,SAPNRG-WA[S],s,0.120,0.115,0.005,+4.35,160397,119078,0.115,0.120,70902,0.125,0.115
782,2019-10-15_15-10-23,782,4596,SAPRES[S],s,-,0.540,-,-,-,137,0.540,0.600,700,-,-
783,2019-10-15_15-10-23,783,5252,SASBADI[S],s,0.170,0.175,-0.005,-2.86,380,1103,0.170,0.175,1860,0.170,0.170
784,2019-10-15_15-10-23,784,5157,SAUDEE[S],s,0.225,0.240,-0.015,-6.25,500,260,0.230,0.250,350,0.240,0.225
785,2019-10-15_15-10-23,785,5157WA,SAUDEE-WA[S],s,-,0.050,-,-,-,600,0.045,0.055,380,-,-
786,2019-10-15_15-10-23,786,2569,SBAGAN,s,-,2.900,-,-,-,19,2.900,3.000,420,-,-
787,2019-10-15_15-10-23,787,5207,SBCCORP[S],s,0.395,0.415,-0.020,-4.82,40,380,0.395,0.420,49,0.415,0.395
788,2019-10-15_15-10-23,788,5170,SCABLE[S],s,0.245,0.235,0.010,+4.26,130,50,0.240,0.245,210,0.245,0.235
789,2019-10-15_15-10-23,789,7247,SCGM[S],s,1.270,1.250,0.020,+1.60,7737,409,1.270,1.280,1634,1.290,1.250
790,2019-10-15_15-10-23,790,7247WA,SCGM-WA[S],s,0.150,0.150,-,-,2141,1000,0.140,0.150,677,0.155,0.150
791,2019-10-15_15-10-23,791,9237,SCIB[S],s,1.250,1.160,0.090,+7.76,6696,269,1.240,1.250,29,1.300,1.170
792,2019-10-15_15-10-23,792,0099,SCICOM,s,0.945,0.920,0.025,+2.72,60265,278,0.945,0.950,1219,0.965,0.920
793,2019-10-15_15-10-23,793,4731,SCIENTX[S],s,9.120,9.090,0.030,+0.33,577,20,9.120,9.130,64,9.170,9.070
794,2019-10-15_15-10-23,794,7239,SCNWOLF[S],s,-,0.140,-,-,-,1823,0.140,0.150,100,-,-
795,2019-10-15_15-10-23,795,7158,SCOMI[S],s,0.075,0.070,0.005,+7.14,20319,93136,0.070,0.075,19374,0.080,0.070
796,2019-10-15_15-10-23,796,7158WB,SCOMI-WB[S],s,0.025,0.030,-0.005,-16.67,6388,67698,0.025,0.030,62292,0.030,0.025
797,2019-10-15_15-10-23,797,7045,SCOMIES[S],s,0.090,0.090,-,-,61214,11832,0.085,0.090,35102,0.090,0.080
798,2019-10-15_15-10-23,798,2224,SDRED[S],s,-,0.595,-,-,-,465,0.595,0.600,492,-,-
799,2019-10-15_15-10-23,799,7073,SEACERA[S],s,0.210,0.205,0.005,+2.44,46066,10114,0.205,0.210,18124,0.210,0.205
800,2019-10-15_15-10-23,800,7073WC,SEACERA-WC[S],s,0.025,0.020,0.005,+25.00,3094,16587,0.020,0.025,7117,0.025,0.020
801,2019-10-15_15-10-23,801,4286,SEAL[S],s,-,0.310,-,-,-,188,0.295,0.310,256,-,-
802,2019-10-15_15-10-23,802,5145,SEALINK[S],s,0.435,0.445,-0.010,-2.25,29189,4690,0.430,0.435,2562,0.445,0.430
803,2019-10-15_15-10-23,803,5163,SEB,s,0.525,0.525,-,-,2407,413,0.525,0.530,226,0.525,0.525
804,2019-10-15_15-10-23,804,7053,SEEHUP[S],s,-,0.810,-,-,-,24,0.810,0.880,26,-,-
805,2019-10-15_15-10-23,805,9792,SEG[S],s,0.635,0.640,-0.005,-0.78,49,11,0.635,0.640,930,0.635,0.635
806,2019-10-15_15-10-23,806,5250,SEM,s,1.450,1.450,-,-,35,80,1.440,1.450,1145,1.450,1.450
807,2019-10-15_15-10-23,807,5205,SENDAI[S],s,0.385,0.390,-0.005,-1.28,1151,914,0.385,0.390,1400,0.390,0.385
808,2019-10-15_15-10-23,808,5279,SERBADK[S],s,4.310,4.250,0.060,+1.41,8340,429,4.310,4.320,625,4.310,4.250
809,2019-10-15_15-10-23,809,7180,SERNKOU[S],s,0.800,0.775,0.025,+3.23,21949,1092,0.795,0.800,368,0.805,0.770
810,2019-10-15_15-10-23,810,7180WA,SERNKOU-WA[S],s,0.410,0.390,0.020,+5.13,1214,482,0.390,0.410,100,0.420,0.380
811,2019-10-15_15-10-23,811,5517,SHANG,s,4.910,5.000,-0.090,-1.80,288,26,4.900,4.990,63,4.960,4.910
812,2019-10-15_15-10-23,812,4316,SHCHAN[S],s,-,0.235,-,-,-,60,0.235,0.290,100,-,-
813,2019-10-15_15-10-23,813,7412,SHH[S],s,-,0.500,-,-,-,1000,0.490,0.535,120,-,-
814,2019-10-15_15-10-23,814,6017,SHL[S],s,2.260,2.270,-0.010,-0.44,40,100,2.270,2.280,1,2.260,2.260
815,2019-10-15_15-10-23,815,5181,SIGGAS[S],s,0.920,0.925,-0.005,-0.54,1400,170,0.920,0.925,11,0.925,0.920
816,2019-10-15_15-10-23,816,7246,SIGN[S],s,-,0.460,-,-,-,200,0.470,0.475,5,-,-
817,2019-10-15_15-10-23,817,7246WA,SIGN-WA[S],s,-,0.050,-,-,-,150,0.050,0.055,700,-,-
818,2019-10-15_15-10-23,818,4197,SIME[S],s,2.250,2.280,-0.030,-1.32,7297,6199,2.250,2.260,6879,2.290,2.250
819,2019-10-15_15-10-23,819,5285,SIMEPLT[S],s,4.870,4.800,0.070,+1.46,3378,519,4.860,4.870,663,4.880,4.800
820,2019-10-15_15-10-23,820,5288,SIMEPROP[S],s,0.790,0.805,-0.015,-1.86,49343,4040,0.785,0.790,4964,0.810,0.780
821,2019-10-15_15-10-23,821,8532,SINOTOP[S],s,-,0.150,-,-,-,775,0.140,0.150,555,-,-
822,2019-10-15_15-10-23,822,9431,SJC[S],s,-,0.510,-,-,-,1000,0.500,0.510,25,-,-
823,2019-10-15_15-10-23,823,7115,SKBSHUT[S],s,-,0.500,-,-,-,100,0.460,0.590,150,-,-
824,2019-10-15_15-10-23,824,7155,SKPRES[S],s,1.180,1.120,0.060,+5.36,25777,1826,1.180,1.190,1074,1.200,1.120
825,2019-10-15_15-10-23,825,7248,SLP[S],s,1.240,1.250,-0.010,-0.80,582,123,1.240,1.250,72,1.280,1.230
826,2019-10-15_15-10-23,826,9776,SMCAP[S],s,0.145,0.145,-,-,558,1922,0.145,0.150,1199,0.145,0.145
827,2019-10-15_15-10-23,827,9776WC,SMCAP-WC[S],s,-,0.050,-,-,-,2100,0.045,0.065,403,-,-
828,2019-10-15_15-10-23,828,4375,SMI[S],s,0.135,0.135,-,-,70,291,0.135,0.150,980,0.135,0.135
829,2019-10-15_15-10-23,829,7132,SMISCOR[S],s,0.325,0.370,-0.045,-12.16,127,132,0.325,0.360,55,0.325,0.320
830,2019-10-15_15-10-23,830,7943,SNC[S],s,-,0.240,-,-,-,300,0.205,0.235,50,-,-
831,2019-10-15_15-10-23,831,5213,SNTORIA[S],s,0.210,0.210,-,-,3373,17945,0.205,0.210,3633,0.215,0.210
832,2019-10-15_15-10-23,832,5213WB,SNTORIA-WB[S],s,-,0.140,-,-,-,790,0.115,0.140,833,-,-
833,2019-10-15_15-10-23,833,5242,SOLID[S],s,0.310,0.310,-,-,18616,3299,0.305,0.310,841,0.325,0.300
834,2019-10-15_15-10-23,834,5242WA,SOLID-WA[S],s,0.100,0.110,-0.010,-9.09,45294,8737,0.100,0.105,539,0.110,0.100
835,2019-10-15_15-10-23,835,5126,SOP[S],s,2.140,2.130,0.010,+0.47,311,10,2.110,2.130,120,2.140,2.140
836,2019-10-15_15-10-23,836,7103,SPRITZER[S],s,2.210,2.210,-,-,101,30,2.200,2.210,50,2.230,2.210
837,2019-10-15_15-10-23,837,8664,SPSETIA[S],s,1.340,1.330,0.010,+0.75,20550,4480,1.330,1.340,4998,1.350,1.320
838,2019-10-15_15-10-23,838,8664PA,SPSETIA-PA[S],s,-,0.885,-,-,-,50,0.865,0.935,223,-,-
839,2019-10-15_15-10-23,839,8664PB,SPSETIA-PB[S],s,-,0.815,-,-,-,100,0.780,0.815,19,-,-
840,2019-10-15_15-10-23,840,5665,SSTEEL,s,0.830,0.850,-0.020,-2.35,789,31,0.830,0.845,97,0.855,0.830
841,2019-10-15_15-10-23,841,6084,STAR[S],s,0.505,0.510,-0.005,-0.98,510,348,0.505,0.510,110,0.520,0.505
842,2019-10-15_15-10-23,842,6904,SUBUR[S],s,-,0.395,-,-,-,5,0.390,0.410,1,-,-
843,2019-10-15_15-10-23,843,7207,SUCCESS[S],s,0.885,0.885,-,-,1424,644,0.880,0.890,285,0.895,0.880
844,2019-10-15_15-10-23,844,1201,SUMATEC[S],s,0.015,0.010,0.005,+50.00,101342,186460,0.010,0.015,797473,0.015,0.010
845,2019-10-15_15-10-23,845,1201WA,SUMATEC-WA[S],s,0.010,0.010,-,-,17758,2242,0.010,0.015,5950,0.010,0.010
846,2019-10-15_15-10-23,846,5263,SUNCON[S],s,1.990,2.020,-0.030,-1.49,65,135,1.990,2.000,163,1.990,1.990
847,2019-10-15_15-10-23,847,5176,SUNREIT,s,1.880,1.890,-0.010,-0.53,1401,3440,1.880,1.890,1420,1.890,1.880
848,2019-10-15_15-10-23,848,3743,SUNSURIA[S],s,-,0.650,-,-,-,100,0.655,0.670,50,-,-
849,2019-10-15_15-10-23,849,3743WA,SUNSURIA-WA[S],s,-,0.025,-,-,-,1000,0.015,0.020,1138,-,-
850,2019-10-15_15-10-23,850,5211,SUNWAY[S],s,1.680,1.680,-,-,23029,4488,1.680,1.690,7305,1.690,1.670
851,2019-10-15_15-10-23,851,5211WB,SUNWAY-WB[S],s,0.390,0.390,-,-,5454,5259,0.390,0.395,2840,0.390,0.390
852,2019-10-15_15-10-23,852,7235,SUPERLN[S],s,0.970,0.955,0.015,+1.57,8073,630,0.970,0.975,506,0.985,0.950
853,2019-10-15_15-10-23,853,7106,SUPERMX[S],s,1.490,1.520,-0.030,-1.97,5974,6689,1.490,1.500,13777,1.520,1.490
854,2019-10-15_15-10-23,854,6521,SURIA[S],s,1.420,1.420,-,-,260,75,1.380,1.420,69,1.430,1.370
855,2019-10-15_15-10-23,855,5135,SWKPLNT[S],s,-,1.470,-,-,-,247,1.460,1.600,149,-,-
856,2019-10-15_15-10-23,856,7186,SWSCAP[S],s,0.640,0.640,-,-,440,460,0.640,0.650,260,0.640,0.640
857,2019-10-15_15-10-23,857,7186WB,SWSCAP-WB[S],s,-,0.070,-,-,-,860,0.055,0.065,412,-,-
858,2019-10-15_15-10-23,858,9717,SYCAL,s,0.225,0.225,-,-,420,805,0.225,0.230,260,0.225,0.225
859,2019-10-15_15-10-23,859,7082,SYF[S],s,0.205,0.205,-,-,5,250,0.200,0.205,990,0.205,0.205
860,2019-10-15_15-10-23,860,7082WB,SYF-WB[S],s,-,0.005,-,-,-,-,-,0.005,16254,-,-
861,2019-10-15_15-10-23,861,1538,SYMLIFE[S],s,0.385,0.385,-,-,245,481,0.385,0.390,795,0.390,0.385
862,2019-10-15_15-10-23,862,1538WB,SYMLIFE-WB[S],s,0.020,0.020,-,-,275,8800,0.015,0.025,15440,0.020,0.020
863,2019-10-15_15-10-23,863,5173,SYSCORP[S],s,0.235,0.240,-0.005,-2.08,420,220,0.235,0.240,175,0.235,0.230
864,2019-10-15_15-10-23,864,7228,T7GLOBAL[S],s,0.455,0.455,-,-,2202,1368,0.450,0.455,358,0.455,0.450
865,2019-10-15_15-10-23,865,4898,TA,s,0.615,0.620,-0.005,-0.81,531,1174,0.615,0.620,2313,0.620,0.615
866,2019-10-15_15-10-23,866,5012,TAANN[S],s,2.230,2.260,-0.030,-1.33,735,10,2.230,2.240,20,2.260,2.220
867,2019-10-15_15-10-23,867,4022,TADMAX[S],s,0.295,0.285,0.010,+3.51,98325,7758,0.290,0.295,2765,0.305,0.285
868,2019-10-15_15-10-23,868,7211,TAFI[S],s,-,0.240,-,-,-,50,0.230,0.300,80,-,-
869,2019-10-15_15-10-23,869,5158,TAGB,s,0.225,0.225,-,-,84,7206,0.225,0.230,60,0.225,0.225
870,2019-10-15_15-10-23,870,6139,TAKAFUL[S],s,6.140,6.200,-0.060,-0.97,354,26,6.140,6.150,52,6.200,6.120
871,2019-10-15_15-10-23,871,2259,TALAMT[S],s,0.030,0.030,-,-,400,574282,0.030,0.035,37271,0.030,0.030
872,2019-10-15_15-10-23,872,8524,TALIWRK[S],s,0.915,0.925,-0.010,-1.08,319,495,0.915,0.920,338,0.925,0.910
873,2019-10-15_15-10-23,873,5191,TAMBUN[S],s,0.745,0.745,-,-,213,27,0.745,0.750,138,0.745,0.745
874,2019-10-15_15-10-23,874,2429,TANCO[S],s,0.050,0.055,-0.005,-9.09,5000,91563,0.050,0.055,15593,0.055,0.050
875,2019-10-15_15-10-23,875,2429WB,TANCO-WB[S],s,0.015,0.020,-0.005,-25.00,64,28731,0.015,0.020,1154,0.015,0.015
876,2019-10-15_15-10-23,876,5149,TAS[S],s,0.250,0.235,0.015,+6.38,1159,3,0.240,0.250,99,0.250,0.240
877,2019-10-15_15-10-23,877,5140,TASCO,s,1.070,1.070,-,-,120,80,1.060,1.070,40,1.070,1.070
878,2019-10-15_15-10-23,878,4448,TASEK[S],s,5.360,5.350,0.010,+0.19,52,8,5.360,5.790,7,5.360,5.360
879,2019-10-15_15-10-23,879,4448P,TASEK-PA,s,-,7.430,-,-,-,1,6.160,7.430,3,-,-
880,2019-10-15_15-10-23,880,7097,TAWIN,s,0.110,0.110,-,-,5871,1413,0.110,0.115,28903,0.115,0.110
881,2019-10-15_15-10-23,881,7097PA,TAWIN-PA,s,0.040,0.040,-,-,4000,109999,0.035,0.040,94911,0.040,0.040
882,2019-10-15_15-10-23,882,7097WA,TAWIN-WA,s,0.050,0.050,-,-,1000,38308,0.045,0.050,8916,0.050,0.050
883,2019-10-15_15-10-23,883,4405,TCHONG[S],s,1.320,1.320,-,-,150,210,1.320,1.330,196,1.330,1.320
884,2019-10-15_15-10-23,884,2054,TDM,s,0.170,0.175,-0.005,-2.86,2325,713,0.170,0.175,4803,0.170,0.170
885,2019-10-15_15-10-23,885,7439,TECGUAN,s,-,1.010,-,-,-,300,1.010,1.040,30,-,-
886,2019-10-15_15-10-23,886,5289,TECHBND[S],s,0.700,0.700,-,-,148,153,0.700,0.710,50,0.700,0.700
887,2019-10-15_15-10-23,887,7200,TEKSENG[S],s,0.280,0.260,0.020,+7.69,2236,200,0.270,0.275,451,0.280,0.260
888,2019-10-15_15-10-23,888,7200WA,TEKSENG-WA[S],s,0.035,0.035,-,-,1631,3700,0.030,0.035,1825,0.040,0.035
889,2019-10-15_15-10-23,889,5347,TENAGA[S],s,13.740,13.800,-0.060,-0.43,3989,1100,13.720,13.740,732,13.800,13.700
890,2019-10-15_15-10-23,890,7252,TEOSENG,s,1.170,1.170,-,-,1650,3375,1.160,1.170,2974,1.170,1.160
891,2019-10-15_15-10-23,891,7252WA,TEOSENG-WA,s,0.055,0.060,-0.005,-8.33,4292,520,0.050,0.055,405,0.055,0.055
892,2019-10-15_15-10-23,892,8702,TEXCHEM,s,0.400,0.400,-,-,30,225,0.400,0.425,17,0.400,0.400
893,2019-10-15_15-10-23,893,9369,TGL[S],s,-,1.260,-,-,-,30,1.250,1.300,20,-,-
894,2019-10-15_15-10-23,894,7034,TGUAN[S],s,2.860,2.860,-,-,1243,104,2.850,2.870,191,2.910,2.850
895,2019-10-15_15-10-23,895,9075,THETA[S],s,0.475,0.455,0.020,+4.40,100,247,0.455,0.465,50,0.475,0.475
896,2019-10-15_15-10-23,896,7206,THHEAVY[S],s,0.065,0.065,-,-,7965,66859,0.060,0.065,15168,0.065,0.065
897,2019-10-15_15-10-23,897,7206PB,THHEAVY-PB[S],s,-,0.040,-,-,-,500,0.040,0.100,291,-,-
898,2019-10-15_15-10-23,898,5112,THPLANT[S],s,0.320,0.315,0.005,+1.59,2033,900,0.315,0.325,179,0.325,0.310
899,2019-10-15_15-10-23,899,7889,THRIVEN[S],s,0.180,0.185,-0.005,-2.70,250,1623,0.180,0.185,875,0.180,0.180
900,2019-10-15_15-10-23,900,7889WB,THRIVEN-WB[S],s,-,0.040,-,-,-,370,0.030,0.040,1,-,-
901,2019-10-15_15-10-23,901,7374,TIENWAH,s,1.260,1.230,0.030,+2.44,30,56,1.250,1.300,52,1.260,1.260
902,2019-10-15_15-10-23,902,7079,TIGER[S],s,0.055,0.050,0.005,+10.00,30882,97773,0.050,0.055,121886,0.055,0.050
903,2019-10-15_15-10-23,903,7079WC,TIGER-WC[S],s,0.010,0.010,-,-,14022,23401,0.005,0.010,3410,0.010,0.010
904,2019-10-15_15-10-23,904,5031,TIMECOM[S],s,9.010,9.000,0.010,+0.11,132,609,9.000,9.020,26,9.020,9.000
905,2019-10-15_15-10-23,905,7854,TIMWELL[S],s,-,0.570,-,-,-,30,0.500,0.570,92,-,-
906,2019-10-15_15-10-23,906,5239,TITIJYA[S],s,0.295,0.295,-,-,100,14319,0.290,0.295,1448,0.295,0.295
907,2019-10-15_15-10-23,907,5239PA,TITIJYA-PA[S],s,-,0.030,-,-,-,82901,0.025,0.030,8636,-,-
908,2019-10-15_15-10-23,908,4863,TM[S],s,3.710,3.720,-0.010,-0.27,16443,532,3.710,3.720,636,3.740,3.640
909,2019-10-15_15-10-23,909,0101,TMCLIFE,s,0.645,0.645,-,-,3563,1300,0.635,0.645,1149,0.650,0.640
910,2019-10-15_15-10-23,910,8397,TNLOGIS,s,0.480,0.480,-,-,1243,388,0.480,0.485,1129,0.485,0.475
911,2019-10-15_15-10-23,911,7218,TOCEAN[S],s,-,0.500,-,-,-,46,0.500,-,-,-,-
912,2019-10-15_15-10-23,912,7230,TOMEI,s,0.440,0.440,-,-,410,480,0.430,0.440,400,0.440,0.430
913,2019-10-15_15-10-23,913,7285,TOMYPAK[S],s,0.505,0.505,-,-,210,490,0.505,0.510,1523,0.505,0.505
914,2019-10-15_15-10-23,914,7285WA,TOMYPAK-WA[S],s,-,0.100,-,-,-,300,0.085,0.100,100,-,-
915,2019-10-15_15-10-23,915,5010,TONGHER[S],s,2.520,2.500,0.020,+0.80,14,400,2.500,2.520,22,2.520,2.520
916,2019-10-15_15-10-23,916,7113,TOPGLOV[S],s,4.230,4.270,-0.040,-0.94,32765,708,4.220,4.230,4098,4.300,4.210
917,2019-10-15_15-10-23,917,7173,TOYOINK[S],s,0.650,0.640,0.010,+1.56,170,160,0.650,0.660,25,0.650,0.640
918,2019-10-15_15-10-23,918,7173WB,TOYOINK-WB[S],s,-,0.085,-,-,-,3345,0.085,0.095,1355,-,-
919,2019-10-15_15-10-23,919,7176,TPC[S],s,-,0.310,-,-,-,500,0.295,0.315,74,-,-
920,2019-10-15_15-10-23,920,7176WA,TPC-WA[S],s,-,0.120,-,-,-,300,0.100,0.120,200,-,-
921,2019-10-15_15-10-23,921,5054,TRC[S],s,0.495,0.500,-0.005,-1.00,505,70,0.495,0.500,30,0.500,0.495
922,2019-10-15_15-10-23,922,0118,TRIVE[S],s,0.015,0.015,-,-,7475,1137973,0.010,0.015,116094,0.015,0.010
923,2019-10-15_15-10-23,923,0118WB,TRIVE-WB[S],s,-,0.005,-,-,-,-,-,0.005,154803,-,-
924,2019-10-15_15-10-23,924,5401,TROP[S],s,0.830,0.830,-,-,351,49,0.825,0.830,660,0.830,0.820
925,2019-10-15_15-10-23,925,5401WA,TROP-WA[S],s,-,0.005,-,-,-,-,-,0.005,49608,-,-
926,2019-10-15_15-10-23,926,9059,TSH[S],s,-,0.910,-,-,-,310,0.890,0.910,2278,-,-
927,2019-10-15_15-10-23,927,5042,TSRCAP[S],s,-,0.370,-,-,-,180,0.355,0.400,27,-,-
928,2019-10-15_15-10-23,928,5042WB,TSRCAP-WB[S],s,-,0.020,-,-,-,1100,0.015,0.040,200,-,-
929,2019-10-15_15-10-23,929,5230,TUNEPRO,s,0.575,0.580,-0.005,-0.86,5905,72,0.575,0.580,1216,0.580,0.570
930,2019-10-15_15-10-23,930,5167,TURBO,s,0.600,0.645,-0.045,-6.98,111,20,0.605,0.635,131,0.635,0.600
931,2019-10-15_15-10-23,931,4359,TURIYA[S],s,-,0.100,-,-,-,550,0.100,0.120,208,-,-
932,2019-10-15_15-10-23,932,5111,TWRREIT,s,0.850,0.860,-0.010,-1.16,392,50,0.845,0.850,230,0.850,0.840
933,2019-10-15_15-10-23,933,7100,UCHITEC[S],s,2.720,2.680,0.040,+1.49,1243,523,2.720,2.730,675,2.740,2.700
934,2019-10-15_15-10-23,934,5148,UEMS[S],s,0.675,0.670,0.005,+0.75,7056,2128,0.670,0.675,218,0.680,0.665
935,2019-10-15_15-10-23,935,7133,ULICORP[S],s,0.485,0.495,-0.010,-2.02,42,618,0.485,0.495,115,0.485,0.485
936,2019-10-15_15-10-23,936,2593,UMCCA[S],s,5.120,5.080,0.040,+0.79,80,53,5.020,5.130,13,5.120,5.120
937,2019-10-15_15-10-23,937,7137,UMS[S],s,-,1.880,-,-,-,28,1.810,1.870,10,-,-
938,2019-10-15_15-10-23,938,7227,UMSNGB[S],s,-,0.880,-,-,-,40,0.840,0.900,30,-,-
939,2019-10-15_15-10-23,939,4588,UMW[S],s,4.650,4.650,-,-,175,43,4.650,4.660,67,4.670,4.630
940,2019-10-15_15-10-23,940,7091,UNIMECH[S],s,1.250,1.260,-0.010,-0.79,328,1,1.250,1.260,360,1.250,1.250
941,2019-10-15_15-10-23,941,5005,UNISEM[S],s,2.550,2.590,-0.040,-1.54,2208,91,2.550,2.560,384,2.570,2.540
942,2019-10-15_15-10-23,942,5200,UOADEV[S],s,2.000,2.010,-0.010,-0.50,957,99,1.990,2.000,177,2.020,1.980
943,2019-10-15_15-10-23,943,5110,UOAREIT,s,1.230,1.210,0.020,+1.65,602,571,1.210,1.230,148,1.270,1.220
944,2019-10-15_15-10-23,944,7757,UPA[S],s,-,2.210,-,-,-,10,2.200,2.230,20,-,-
945,2019-10-15_15-10-23,945,2089,UTDPLT[S],s,-,25.000,-,-,-,7,24.940,25.000,103,-,-
946,2019-10-15_15-10-23,946,5292,UWC[S],s,1.800,1.720,0.080,+4.65,55206,1328,1.790,1.800,87,1.820,1.730
947,2019-10-15_15-10-23,947,7250,UZMA[S],s,1.070,1.050,0.020,+1.90,80153,2826,1.070,1.080,2830,1.100,1.060
948,2019-10-15_15-10-23,948,5243,VELESTO[S],s,0.335,0.330,0.005,+1.52,102370,102603,0.330,0.335,63201,0.335,0.325
949,2019-10-15_15-10-23,949,5243WA,VELESTO-WA[S],s,0.130,0.125,0.005,+4.00,42845,31155,0.125,0.130,28536,0.130,0.120
950,2019-10-15_15-10-23,950,4995,VERSATL[S],s,-,0.315,-,-,-,160,0.270,0.290,17,-,-
951,2019-10-15_15-10-23,951,7240,VERTICE[S],s,0.910,0.930,-0.020,-2.15,3939,207,0.910,0.915,824,0.940,0.905
952,2019-10-15_15-10-23,952,7240WA,VERTICE-WA[S],s,0.500,0.530,-0.030,-5.66,100,80,0.480,0.500,760,0.500,0.500
953,2019-10-15_15-10-23,953,0097,VITROX[S],s,8.040,7.900,0.140,+1.77,1326,13,8.030,8.040,130,8.040,7.880
954,2019-10-15_15-10-23,954,7070,VIZIONE[S],s,0.875,0.880,-0.005,-0.57,4580,1894,0.870,0.875,703,0.880,0.870
955,2019-10-15_15-10-23,955,7070WC,VIZIONE-WC[S],s,0.370,0.380,-0.010,-2.63,2093,60,0.370,0.390,599,0.390,0.370
956,2019-10-15_15-10-23,956,6963,VS[S],s,1.290,1.300,-0.010,-0.77,53505,2229,1.290,1.300,6793,1.310,1.270
957,2019-10-15_15-10-23,957,5162,VSTECS[S],s,-,1.030,-,-,-,358,1.020,1.030,530,-,-
958,2019-10-15_15-10-23,958,7203,WANGZNG,s,0.900,0.920,-0.020,-2.17,239,76,0.900,0.905,50,0.905,0.900
959,2019-10-15_15-10-23,959,5016,WARISAN,s,-,1.950,-,-,-,96,1.950,2.100,1,-,-
960,2019-10-15_15-10-23,960,5142,WASEONG[S],s,0.885,0.855,0.030,+3.51,48481,451,0.885,0.890,707,0.895,0.845
961,2019-10-15_15-10-23,961,7226,WATTA[S],s,-,0.500,-,-,-,50,0.440,0.495,215,-,-
962,2019-10-15_15-10-23,962,3565,WCEHB[S],s,0.400,0.425,-0.025,-5.88,18147,2418,0.395,0.400,119,0.415,0.390
963,2019-10-15_15-10-23,963,9679,WCT[S],s,0.930,0.930,-,-,2267,584,0.930,0.935,346,0.940,0.920
964,2019-10-15_15-10-23,964,9679WE,WCT-WE[S],s,0.055,0.060,-0.005,-8.33,2523,23364,0.055,0.060,15398,0.055,0.055
965,2019-10-15_15-10-23,965,7231,WELLCAL[S],s,1.150,1.170,-0.020,-1.71,330,850,1.150,1.160,200,1.160,1.150
966,2019-10-15_15-10-23,966,7692,WIDETEC,s,-,0.565,-,-,-,50,0.400,0.700,200,-,-
967,2019-10-15_15-10-23,967,0008,WILLOW[S],s,0.415,0.415,-,-,418,1155,0.415,0.420,2999,0.415,0.410
968,2019-10-15_15-10-23,968,6378,WMG[S],s,0.075,0.080,-0.005,-6.25,692,1008,0.075,0.080,758,0.075,0.075
969,2019-10-15_15-10-23,969,7050,WONG[S],s,0.445,0.455,-0.010,-2.20,891,50,0.450,0.480,60,0.490,0.445
970,2019-10-15_15-10-23,970,7025,WOODLAN[S],s,-,0.600,-,-,-,20,0.540,0.600,30,-,-
971,2019-10-15_15-10-23,971,5246,WPRTS[S],s,4.260,4.190,0.070,+1.67,17313,223,4.250,4.260,699,4.280,4.190
972,2019-10-15_15-10-23,972,5009,WTHORSE[S],s,-,1.140,-,-,-,150,1.090,1.130,65,-,-
973,2019-10-15_15-10-23,973,4243,WTK[S],s,0.465,0.470,-0.005,-1.06,1467,373,0.460,0.465,348,0.470,0.460
974,2019-10-15_15-10-23,974,7245,WZSATU[S],s,0.285,0.270,0.015,+5.56,139180,14771,0.280,0.285,3421,0.295,0.270
975,2019-10-15_15-10-23,975,7245WA,WZSATU-WA[S],s,0.145,0.140,0.005,+3.57,108925,5642,0.140,0.145,6436,0.150,0.135
976,2019-10-15_15-10-23,976,5156,XDL,s,0.080,0.080,-,-,33798,2212,0.080,0.085,14425,0.080,0.080
977,2019-10-15_15-10-23,977,5156WD,XDL-WD,s,-,0.010,-,-,-,330993,0.005,0.010,11825,-,-
978,2019-10-15_15-10-23,978,7121,XIANLNG[S],s,-,0.375,-,-,-,300,0.365,0.375,200,-,-
979,2019-10-15_15-10-23,979,5267,XINHWA[S],s,0.490,0.485,0.005,+1.03,12295,345,0.485,0.490,1515,0.495,0.480
980,2019-10-15_15-10-23,980,7003,Y&G[S],s,-,0.850,-,-,-,9,0.850,0.940,490,-,-
981,2019-10-15_15-10-23,981,7003WA,Y&G-WA[S],s,-,0.005,-,-,-,-,-,0.010,500,-,-
982,2019-10-15_15-10-23,982,5584,YEELEE[S],s,2.180,2.180,-,-,10,20,2.180,2.200,451,2.180,2.180
983,2019-10-15_15-10-23,983,5048,YILAI,s,-,0.600,-,-,-,200,0.585,0.600,215,-,-
984,2019-10-15_15-10-23,984,7293,YINSON[S],Ss,-,6.840,-,-,-,-,-,-,-,-,-
985,2019-10-15_15-10-23,985,7020,YKGI[S],s,0.100,0.100,-,-,883,694,0.100,0.105,4590,0.105,0.100
986,2019-10-15_15-10-23,986,7020WB,YKGI-WB[S],s,-,0.005,-,-,-,-,-,0.005,15444,-,-
987,2019-10-15_15-10-23,987,7014,YLI[S],s,0.200,0.205,-0.005,-2.44,540,252,0.195,0.205,200,0.205,0.200
988,2019-10-15_15-10-23,988,3158,YNHPROP,s,2.470,2.500,-0.030,-1.20,83,52,2.460,2.500,452,2.500,2.460
989,2019-10-15_15-10-23,989,5159,YOCB[S],s,-,0.990,-,-,-,4,0.985,0.990,450,-,-
990,2019-10-15_15-10-23,990,7066,YONGTAI[S],s,0.170,0.170,-,-,35703,818,0.170,0.175,10761,0.175,0.165
991,2019-10-15_15-10-23,991,7066PA,YONGTAI-PA[S],s,-,0.150,-,-,-,300,0.135,0.155,496,-,-
992,2019-10-15_15-10-23,992,7066WA,YONGTAI-WA[S],s,0.025,0.025,-,-,100,7450,0.020,0.030,2500,0.025,0.025
993,2019-10-15_15-10-23,993,7178,YSPSAH[S],s,2.250,2.260,-0.010,-0.44,140,46,2.250,2.300,50,2.260,2.250
994,2019-10-15_15-10-23,994,4677,YTL,s,0.960,0.960,-,-,2412,141,0.955,0.960,1446,0.960,0.950
995,2019-10-15_15-10-23,995,2577,YTLLAND,Ss,-,0.285,-,-,-,-,-,-,-,-,-
996,2019-10-15_15-10-23,996,6742,YTLPOWR,s,0.750,0.745,0.005,+0.67,20845,3315,0.750,0.755,7501,0.755,0.745
997,2019-10-15_15-10-23,997,5109,YTLREIT,s,1.310,1.310,-,-,3442,3700,1.310,1.320,2969,1.320,1.310
998,2019-10-15_15-10-23,998,7028,ZECON[S],s,0.315,0.320,-0.005,-1.56,2886,3483,0.310,0.320,1478,0.320,0.315
999,2019-10-15_15-10-23,999,2283,ZELAN[S],s,0.075,0.080,-0.005,-6.25,490,39383,0.070,0.080,18737,0.075,0.075
1000,2019-10-15_15-10-23,1000,5131,ZHULIAN[S],s,1.630,1.650,-0.020,-1.21,162,48,1.630,1.640,163,1.630,1.630
